-- ============================================================================
-- IMPORT DE DONNÉES DEPUIS EXCEL - IPAKI SAMPLE DATA
-- ============================================================================

SET FOREIGN_KEY_CHECKS=0;

-- ============================================================================
-- TABLE: yarditemtype
-- ============================================================================
DELETE FROM `yarditemtype`;

INSERT INTO `yarditemtype` (`Id`, `Label`) VALUES
(1, 'Conteneur'),
(2, '[Vehicle]'),
(3, '[Bulk]'),
(4, '[Cistern]');

-- ============================================================================
-- TABLE: eventfamily
-- ============================================================================
DELETE FROM `eventfamily`;

INSERT INTO `eventfamily` (`Id`, `Code`) VALUES
(1, 'Move'),
(2, 'Out'),
(3, 'Repair'),
(4, 'Inspection'),
(5, 'Cleaning'),
(6, 'Packing'),
(7, 'In'),
(8, 'Damage_Inventory'),
(9, 'Transfer'),
(10, 'WeightVolumeMeasurement'),
(11, 'Unstuffing'),
(12, 'Stuffing'),
(13, 'Fee'),
(14, 'TemperatureMeasurement'),
(15, 'Split');

-- ============================================================================
-- TABLE: eventtype
-- ============================================================================
DELETE FROM `eventtype`;

INSERT INTO `eventtype` (`Id`, `Code`, `FamilyId`, `Billable`, `Name`) VALUES
(2, 'FUII', 7, 1, 'event_type_FUII'),
(3, 'BUFUII', 7, 1, 'event_type_FUII_bulk'),
(4, 'VEFUII', 7, 1, 'event_type_FUII_vehicle'),
(5, 'CIFUII', 7, 1, 'event_type_FUII_cistern'),
(6, 'DELI', 2, 1, 'Livraison Plein Import par Camion'),
(7, 'BUDELI', 2, 1, 'event_type_DELI_bulk'),
(8, 'VEDELI', 2, 1, 'event_type_DELI_vehicle'),
(9, 'CIDELI', 2, 1, 'event_type_DELI_cistern'),
(10, 'BUDMG', 8, 0, 'event_type_DAMAGE_INV_bulk'),
(11, 'VEDMG', 8, 0, 'event_type_DAMAGE_INV_vehicle'),
(12, 'CIDMG', 8, 0, 'event_type_DAMAGE_INV_cistern'),
(13, 'DAMAGE', 8, 0, 'event_type_DAMAGE_INV'),
(14, 'BLFEE', 13, 1, 'event_type_BL_FEE'),
(15, 'TMS', 14, 0, 'Temperature Measure'),
(16, 'EMIN', 7, 1, 'Entrée de Vide par Camion … VT'),
(17, 'EMIW', 7, 1, 'Entrée de Vide par Wagon … VT'),
(18, 'EMIX', 7, 1, 'Entrée de Vide pour Embarquement'),
(19, 'EPTI', 7, 1, 'Entrée Frigo vide pour PTI … ATL'),
(20, 'EREP', 7, 1, 'Retour Vide de Réparation'),
(21, 'DECH', 7, 1, 'Débarquement conteneur'),
(22, 'RMER', 7, 1, 'Reprise du Parc : Mvt maritime'),
(23, 'RLIS', 7, 1, 'Retour Plein de Scanner'),
(24, 'RLIV', 7, 1, 'Livraison Refusée par la Douane'),
(25, 'FUIX', 7, 1, 'Entrée Plein Export sur Camion'),
(26, 'FUIW', 7, 1, 'Entrée Plein Export par Wagon'),
(27, 'RTER', 7, 1, 'Reprise du Parc : Mvt Terrestre'),
(28, 'REGE', 7, 1, 'REGUL. ENTREE / PORTABLE'),
(29, 'REEX', 4, 1, 'Réexportation'),
(30, 'EMOD', 2, 1, 'Enlèvement vide sous palan'),
(31, 'EMOU', 2, 1, 'Sortie de Vide par voie terrestre'),
(32, 'EMOW', 2, 1, 'Sortie de Vide par wagon'),
(33, 'EMOX', 2, 1, 'Sortie Vide pour Empotage'),
(34, 'SODV', 2, 1, 'Sortie Dépot Vide'),
(35, 'SPTI', 2, 1, 'Sortie Frigo vide PTI par Camion'),
(36, 'FUOT', 2, 1, 'Sortie de Plein Transbo'),
(37, 'DELS', 2, 1, 'Livraison Plein Import pour Scanner'),
(38, 'DELW', 2, 1, 'Livraison Plein Import par Wagon'),
(39, 'DELQ', 2, 1, 'Livraison Guerite Quai'),
(40, 'FUOX', 2, 1, 'Sortie de Plein Export'),
(41, 'LOAD', 2, 1, 'Embarquement'),
(42, 'SCAO', 2, 1, 'Sortie après scanner douane'),
(43, 'BREP', 2, 1, 'Sortie pour Réparation'),
(44, 'OULS', 2, 1, 'Sortie Provisoire de VT => LS'),
(45, 'REGS', 2, 1, 'REGUL. SORTIE / PORTABLE'),
(46, 'QUAI', 13, 1, 'QUAI'),
(47, 'RAIL', 13, 1, 'Livraison Wagon    '),
(48, 'SCAN', 13, 1, 'SCAN'),
(49, 'DEST', 13, 0, 'DEST'),
(50, 'RLIW', 7, 1, 'Retour Plein de Wagon'),
(51, 'DVIS', 4, 1, 'Double Relevage Visite Douane'),
(52, 'SVGM', 4, 1, 'Saisie Manuelle VGM'),
(53, 'DRLV', 4, 1, 'Double relevage'),
(54, 'SRLV', 4, 1, 'Relevage'),
(55, 'LAFE', 4, 1, 'Late Arrival Fee'),
(56, 'REFU', 4, 1, 'Conteneur Refusé à la Guérite'),
(57, 'ENAN', 4, 1, 'Entrée Anticipée'),
(58, 'EPSP', 2, 1, 'Enlèvement Plein Sous Palan'),
(59, 'REQI', 4, 1, 'Réquisition'),
(60, 'TREQ', 4, 1, 'Transfert Requisition'),
(61, 'DELR', 2, 1, 'Transfert Suite Requisition'),
(62, 'WVGM', 10, 1, 'Poids VGM'),
(63, 'DEPO', 2, 1, 'Sortie pour Dépotage'),
(64, 'TRANS', 9, 1, 'TRANS'),
(65, 'PSEC', 4, 1, 'Transfert Parc Sécurité'),
(66, 'SVIX', 2, 1, 'Sortie vide export'),
(67, 'VTPA', 4, 1, 'Transfert Parc Extérieur '),
(68, 'ETER ', 7, 1, 'entrée Terra '),
(69, 'STER ', 2, 1, 'sortie Terra ');

-- ============================================================================
-- TABLE: yarditemcode
-- ============================================================================
DELETE FROM `yarditemcode`;

INSERT INTO `yarditemcode` (`Id`, `Code`, `Description`, `Deleted`, `YardItemTypeId`, `MaxWeight`, `MaxVolume`, `MinWeight`, `Tare`) VALUES
(1, 'LIGHT', 'Light', 0, 'NULL', 1, '2019-10-16 17:10:40.607', 213, '2020-04-24 10:58:34.607'),
(2, 'MEDIUM', 'Medium', 0, 'NULL', 1, '2019-10-16 17:10:40.610', 'NULL', 'NULL'),
(3, 'HEAVY', 'Heavy', 0, 'NULL', 1, '2019-10-16 17:10:40.610', 'NULL', 'NULL'),
(4, 'SUPERHEAVY', 'Super-Heavy', 0, 'NULL', 1, '2019-10-16 17:10:40.610', 'NULL', 'NULL'),
(5, '4WD', '4WD', 0, 'NULL', 1, '2019-10-16 17:10:40.610', 'NULL', 'NULL'),
(6, 'BAG', 'Bag', 0, 'NULL', 1, '2019-10-16 17:10:40.613', 'NULL', 'NULL'),
(7, 'PALLET', 'Pallet', 0, 'NULL', 1, '2019-10-16 17:10:40.613', 'NULL', 'NULL'),
(8, 'CRATE', 'Crate', 0, 'NULL', 1, '2019-10-16 17:10:40.617', 'NULL', 'NULL'),
(9, 'BOX', 'Box', 0, 'NULL', 1, '2019-10-16 17:10:40.617', 'NULL', 'NULL'),
(10, 'BULK', 'Bulk', 0, 'NULL', 1, '2019-10-16 17:10:40.617', 'NULL', 'NULL'),
(11, 'PACK', 'Pack', 0, 'NULL', 1, '2019-10-16 17:10:40.620', 'NULL', 'NULL'),
(12, 'BALL', 'Ball', 0, 'NULL', 1, '2019-10-16 17:10:40.620', 'NULL', 'NULL'),
(13, 'TUBE', 'Tube', 0, 'NULL', 1, '2019-10-16 17:10:40.620', 'NULL', 'NULL'),
(14, 'BARREL', 'Barrel', 0, 'NULL', 1, '2019-10-16 17:10:40.620', 'NULL', 'NULL'),
(15, 'BEARER', 'Bearer', 0, 'NULL', 1, '2019-10-16 17:10:40.623', 'NULL', 'NULL'),
(16, 'SEMIBEARER', 'Semi-Bearer', 0, 'NULL', 1, '2019-10-16 17:10:40.623', 'NULL', 'NULL'),
(279, 2000, '2000 20'' DRY', 0, 'NULL', 213, '2020-04-24 11:28:25.787', 'NULL', 'NULL'),
(280, 2028, '2028 20'' spécialisé', 0, 'NULL', 213, '2020-04-24 11:28:25.787', 'NULL', 'NULL'),
(281, 2040, '2040 20''frigo', 0, 'NULL', 213, '2020-04-24 11:28:25.787', 'NULL', 'NULL'),
(282, 2200, '2200 20'' DRY', 0, 'NULL', 213, '2020-04-24 11:28:25.787', 'NULL', 'NULL'),
(283, 2210, '2210 20'' DRY', 0, 'NULL', 213, '2020-04-24 11:28:25.787', 'NULL', 'NULL'),
(284, 2211, '2211 20'' AERE', 0, 'NULL', 213, '2020-04-24 11:28:25.790', 'NULL', 'NULL'),
(285, 2212, '2212 20'' AERE', 0, 'NULL', 213, '2020-04-24 11:28:25.790', 'NULL', 'NULL'),
(286, 2213, '2213 20'' Ventile', 0, 'NULL', 213, '2020-04-24 11:28:25.790', 'NULL', 'NULL'),
(287, 2214, '2214 20'' Ventile', 0, 'NULL', 213, '2020-04-24 11:28:25.790', 'NULL', 'NULL'),
(288, 2215, '2215 20'' Ventile', 0, 'NULL', 213, '2020-04-24 11:28:25.790', 'NULL', 'NULL'),
(289, 2216, '2216 20'' Ventile', 0, 'NULL', 213, '2020-04-24 11:28:25.790', 'NULL', 'NULL'),
(290, 2217, '2217 20'' Ventile', 0, 'NULL', 213, '2020-04-24 11:28:25.790', 'NULL', 'NULL'),
(291, 2218, '2218 20'' Ventile', 0, 'NULL', 213, '2020-04-24 11:28:25.790', 'NULL', 'NULL'),
(292, 2219, '2219 20'' Ventile', 0, 'NULL', 213, '2020-04-24 11:28:25.793', 'NULL', 'NULL'),
(293, 2220, '2220 20'' Spécialisé', 0, 'NULL', 213, '2020-04-24 11:28:25.793', 'NULL', 'NULL'),
(294, 2221, '2221 20'' Spécialisé', 0, 'NULL', 213, '2020-04-24 11:28:25.793', 'NULL', 'NULL'),
(295, 2222, '2222 20'' Spécialisé', 0, 'NULL', 213, '2020-04-24 11:28:25.793', 'NULL', 'NULL'),
(296, 2223, '2223 20'' Spécialisé', 0, 'NULL', 213, '2020-04-24 11:28:25.797', 'NULL', 'NULL'),
(297, 2224, '2224 20'' Spécialisé', 0, 'NULL', 213, '2020-04-24 11:28:25.797', 'NULL', 'NULL'),
(298, 2225, '2225 20'' Sécialisé', 0, 'NULL', 213, '2020-04-24 11:28:25.797', 'NULL', 'NULL'),
(299, 2226, '2226 20'' Spécialisé', 0, 'NULL', 213, '2020-04-24 11:28:25.797', 'NULL', 'NULL'),
(300, 2227, '2227 20'' Spécialisé', 0, 'NULL', 213, '2020-04-24 11:28:25.797', 'NULL', 'NULL'),
(301, 2228, '2228 20'' Spécialisé', 0, 'NULL', 213, '2020-04-24 11:28:25.797', 'NULL', 'NULL'),
(302, 2229, '2229 20'' Spécialisé', 0, 'NULL', 213, '2020-04-24 11:28:25.800', 'NULL', 'NULL'),
(303, 2230, '2230 20'' Frigo autonome', 0, 'NULL', 213, '2020-04-24 11:28:25.800', 'NULL', 'NULL'),
(304, 2231, '2231 20'' Frigo autonome', 0, 'NULL', 213, '2020-04-24 11:28:25.800', 'NULL', 'NULL'),
(305, 2232, '2232 20'' Frigo autonome', 0, 'NULL', 213, '2020-04-24 11:28:25.800', 'NULL', 'NULL'),
(306, 2233, '2233 20'' Frigo autonome', 0, 'NULL', 213, '2020-04-24 11:28:25.800', 'NULL', 'NULL'),
(307, 2234, '2234 20'' Frigo autonome', 0, 'NULL', 213, '2020-04-24 11:28:25.800', 'NULL', 'NULL'),
(308, 2235, '2235 20'' Frigo autonome', 0, 'NULL', 213, '2020-04-24 11:28:25.800', 'NULL', 'NULL'),
(309, 2236, '2236 20'' Frigo autonome', 0, 'NULL', 213, '2020-04-24 11:28:25.800', 'NULL', 'NULL'),
(310, 2237, '2237 20'' Frigo autonome', 0, 'NULL', 213, '2020-04-24 11:28:25.803', 'NULL', 'NULL'),
(311, 2238, '2238 20'' Frigo autonome', 0, 'NULL', 213, '2020-04-24 11:28:25.803', 'NULL', 'NULL'),
(312, 2239, '2239 20'' Frigo autonome', 0, 'NULL', 213, '2020-04-24 11:28:25.803', 'NULL', 'NULL'),
(313, 2240, '2240 20'' Frigo', 0, 'NULL', 213, '2020-04-24 11:28:25.803', 'NULL', 'NULL'),
(314, 2241, '2241 20'' Frigo', 0, 'NULL', 213, '2020-04-24 11:28:25.803', 'NULL', 'NULL'),
(315, 2242, '2242 20'' Frigo', 0, 'NULL', 213, '2020-04-24 11:28:25.807', 'NULL', 'NULL'),
(316, 2243, '2243 20'' Frigo', 0, 'NULL', 213, '2020-04-24 11:28:25.807', 'NULL', 'NULL'),
(317, 2244, '2244 20'' Frigo', 0, 'NULL', 213, '2020-04-24 11:28:25.807', 'NULL', 'NULL'),
(318, 2245, '2245 20'' Frigo', 0, 'NULL', 213, '2020-04-24 11:28:25.807', 'NULL', 'NULL'),
(319, 2246, '2246 20'' Frigo', 0, 'NULL', 213, '2020-04-24 11:28:25.807', 'NULL', 'NULL'),
(320, 2247, '2247 20'' Frigo', 0, 'NULL', 213, '2020-04-24 11:28:25.810', 'NULL', 'NULL'),
(321, 2248, '2248 20'' Frigo', 0, 'NULL', 213, '2020-04-24 11:28:25.810', 'NULL', 'NULL'),
(322, 2249, '2249 20'' Frigo', 0, 'NULL', 213, '2020-04-24 11:28:25.810', 'NULL', 'NULL'),
(323, 2250, '2250 20'' Open top', 0, 'NULL', 213, '2020-04-24 11:28:25.810', 'NULL', 'NULL'),
(324, 2251, '2251 20'' Open top', 0, 'NULL', 213, '2020-04-24 11:28:25.810', 'NULL', 'NULL'),
(325, 2252, '2252 20'' Open top', 0, 'NULL', 213, '2020-04-24 11:28:25.813', 'NULL', 'NULL'),
(326, 2253, '2253 20'' Open top', 0, 'NULL', 213, '2020-04-24 11:28:25.813', 'NULL', 'NULL'),
(327, 2254, '2254 20'' Open top', 0, 'NULL', 213, '2020-04-24 11:28:25.813', 'NULL', 'NULL'),
(328, 2255, '2255 20'' Open top', 0, 'NULL', 213, '2020-04-24 11:28:25.813', 'NULL', 'NULL'),
(329, 2256, '2256 20'' Open top', 0, 'NULL', 213, '2020-04-24 11:28:25.813', 'NULL', 'NULL'),
(330, 2257, '2257 20'' Open top', 0, 'NULL', 213, '2020-04-24 11:28:25.817', 'NULL', 'NULL'),
(331, 2258, '2258 20'' Open top', 0, 'NULL', 213, '2020-04-24 11:28:25.817', 'NULL', 'NULL'),
(332, 2260, '2260 20'' Flat pliable', 0, 'NULL', 213, '2020-04-24 11:28:25.817', 'NULL', 'NULL'),
(333, 2261, '2261 20'' Flat pliable', 0, 'NULL', 213, '2020-04-24 11:28:25.817', 'NULL', 'NULL'),
(334, 2262, '2262 20'' Flat pliable', 0, 'NULL', 213, '2020-04-24 11:28:25.817', 'NULL', 'NULL'),
(335, 2263, '2263 20'' Flat pliable', 0, 'NULL', 213, '2020-04-24 11:28:25.817', 'NULL', 'NULL'),
(336, 2264, '2264 20'' Flat pliable', 0, 'NULL', 213, '2020-04-24 11:28:25.820', 'NULL', 'NULL'),
(337, 2265, '2265 20'' Flat pliable', 0, 'NULL', 213, '2020-04-24 11:28:25.820', 'NULL', 'NULL'),
(338, 2266, '2266 20'' Flat pliable', 0, 'NULL', 213, '2020-04-24 11:28:25.820', 'NULL', 'NULL'),
(339, 2267, '2267 20'' Flat pliable', 0, 'NULL', 213, '2020-04-24 11:28:25.820', 'NULL', 'NULL'),
(340, 2268, '2268 20'' Flat pliable', 0, 'NULL', 213, '2020-04-24 11:28:25.820', 'NULL', 'NULL'),
(341, 2269, '2269 20'' Flat pliable', 0, 'NULL', 213, '2020-04-24 11:28:25.820', 'NULL', 'NULL'),
(342, 2270, '2270 20'' Citerne', 0, 'NULL', 213, '2020-04-24 11:28:25.820', 'NULL', 'NULL'),
(343, 2271, '2271 20'' Citerne Aliment.', 0, 'NULL', 213, '2020-04-24 11:28:25.823', 'NULL', 'NULL'),
(344, 2272, '2272 20'' Citerne', 0, 'NULL', 213, '2020-04-24 11:28:25.823', 'NULL', 'NULL'),
(345, 2273, '2273 20'' Citerne', 0, 'NULL', 213, '2020-04-24 11:28:25.823', 'NULL', 'NULL'),
(346, 2274, '2274 20'' Citerne', 0, 'NULL', 213, '2020-04-24 11:28:25.823', 'NULL', 'NULL'),
(347, 2275, '2275 20'' Citerne', 0, 'NULL', 213, '2020-04-24 11:28:25.823', 'NULL', 'NULL'),
(348, 2276, '2276 20'' Citerne DGX', 0, 'NULL', 213, '2020-04-24 11:28:25.827', 'NULL', 'NULL'),
(349, 2277, '2277 20'' Citerne', 0, 'NULL', 213, '2020-04-24 11:28:25.827', 'NULL', 'NULL'),
(350, 2278, '2278 20'' Citerne', 0, 'NULL', 213, '2020-04-24 11:28:25.827', 'NULL', 'NULL'),
(351, 2279, '2279 20'' Citerne', 0, 'NULL', 213, '2020-04-24 11:28:25.827', 'NULL', 'NULL'),
(352, 2280, '2280 20'' Bulk', 0, 'NULL', 213, '2020-04-24 11:28:25.830', 'NULL', 'NULL'),
(353, 2281, '2281 20'' BULK', 0, 'NULL', 213, '2020-04-24 11:28:25.830', 'NULL', 'NULL'),
(354, 2282, '2282 20'' Bulk', 0, 'NULL', 213, '2020-04-24 11:28:25.830', 'NULL', 'NULL'),
(355, 2283, '2283 20'' Bulk', 0, 'NULL', 213, '2020-04-24 11:28:25.830', 'NULL', 'NULL'),
(356, 2284, '2284 20'' Bulk', 0, 'NULL', 213, '2020-04-24 11:28:25.830', 'NULL', 'NULL'),
(357, 2285, '2285 20'' Bulk', 0, 'NULL', 213, '2020-04-24 11:28:25.830', 'NULL', 'NULL'),
(358, 2286, '2286 20'' Bulk', 0, 'NULL', 213, '2020-04-24 11:28:25.830', 'NULL', 'NULL'),
(359, 2287, '2287 20'' Bulk', 0, 'NULL', 213, '2020-04-24 11:28:25.833', 'NULL', 'NULL'),
(360, 2288, '2288 20'' Bulk', 0, 'NULL', 213, '2020-04-24 11:28:25.833', 'NULL', 'NULL'),
(361, 2289, '2289 20'' Bulk', 0, 'NULL', 213, '2020-04-24 11:28:25.833', 'NULL', 'NULL'),
(362, 2299, '2299 20''', 0, 'NULL', 213, '2020-04-24 11:28:25.833', 'NULL', 'NULL'),
(363, 2300, '2300 20''', 0, 'NULL', 213, '2020-04-24 11:28:25.837', 'NULL', 'NULL'),
(364, 2310, '2310 20''', 0, 'NULL', 213, '2020-04-24 11:28:25.837', 'NULL', 'NULL'),
(365, 2670, '2670 20'' Citerne', 0, 'NULL', 213, '2020-04-24 11:28:25.837', 'NULL', 'NULL'),
(366, 2828, '2828 20'' Specialisé', 0, 'NULL', 213, '2020-04-24 11:28:25.837', 'NULL', 'NULL'),
(367, 2861, '20'' FLAT', 0, 'NULL', 213, '2020-04-24 11:28:25.837', 'NULL', 'NULL'),
(368, 2870, '2870 20'' Citerne', 0, 'NULL', 213, '2020-04-24 11:28:25.840', 'NULL', 'NULL'),
(369, 2880, '2880 20'' Citerne', 0, 'NULL', 213, '2020-04-24 11:28:25.840', 'NULL', 'NULL'),
(370, 2960, '2960 20'' Bolster', 0, 'NULL', 213, '2020-04-24 11:28:25.840', 'NULL', 'NULL'),
(371, 2961, '2961 20'' Bolster', 0, 'NULL', 213, '2020-04-24 11:28:25.840', 'NULL', 'NULL'),
(372, 2963, '2963 20'' Bolster', 0, 'NULL', 213, '2020-04-24 11:28:25.840', 'NULL', 'NULL'),
(373, 9700, 'MAFI  20', 0, 'NULL', 213, '2020-04-24 11:28:25.840', 'NULL', 'NULL'),
(374, 900, '0900 11" dry', 0, 'NULL', 213, '2020-04-24 11:28:25.840', 'NULL', 'NULL'),
(375, '12G1', '12G1 10'' DRY', 0, 'NULL', 213, '2020-04-24 11:28:25.843', 'NULL', 'NULL'),
(376, '20S2', '20S2 20'' Pour Poisson vivant', 0, 'NULL', 213, '2020-04-24 11:28:25.843', 'NULL', 'NULL'),
(377, '22A0', '22A0 20'' Air/Surface', 0, 'NULL', 213, '2020-04-24 11:28:25.843', 'NULL', 'NULL'),
(378, '22B0', '22B0 20'' Bulk Pour Solide en vrac', 0, 'NULL', 213, '2020-04-24 11:28:25.843', 'NULL', 'NULL'),
(379, '22B1', '22B1 20'' Bulk Pour Solide en vrac', 0, 'NULL', 213, '2020-04-24 11:28:25.847', 'NULL', 'NULL'),
(380, '22B2', '22B2 20'' Bulk  pour Solide en vrac', 0, 'NULL', 213, '2020-04-24 11:28:25.847', 'NULL', 'NULL'),
(381, '22G0', '22G0 20'' DRY', 0, 'NULL', 213, '2020-04-24 11:28:25.847', 'NULL', 'NULL'),
(382, '22G1', '22G1 20'' DRY', 0, 'NULL', 213, '2020-04-24 11:28:25.847', 'NULL', 'NULL'),
(383, '22G2', '22G2 20'' AERE', 0, 'NULL', 213, '2020-04-24 11:28:25.850', 'NULL', 'NULL'),
(384, '22H0', '22H0 20'' frigo amovible', 0, 'NULL', 213, '2020-04-24 11:28:25.850', 'NULL', 'NULL'),
(385, '22H1', '22H1 20''', 0, 'NULL', 213, '2020-04-24 11:28:25.850', 'NULL', 'NULL'),
(386, '22K2', 'CITERNE DANGEREUSE', 0, 'NULL', 213, '2020-04-24 11:28:25.850', 'NULL', 'NULL'),
(387, '22P0', '22P0 20'' Plate-forme', 0, 'NULL', 213, '2020-04-24 11:28:25.850', 'NULL', 'NULL'),
(388, '22P1', '22P1 20'' Plate-forme', 0, 'NULL', 213, '2020-04-24 11:28:25.850', 'NULL', 'NULL'),
(389, '22P2', '22P2 20'' flat pliable', 0, 'NULL', 213, '2020-04-24 11:28:25.853', 'NULL', 'NULL'),
(390, '22P3', '22P3 20'' FLAT PLIABLE', 0, 'NULL', 213, '2020-04-24 11:28:25.853', 5088, '2024-05-10 09:51:10.920'),
(391, '22R0', '22R0 20'' frigo autonome', 0, 'NULL', 213, '2020-04-24 11:28:25.853', 'NULL', 'NULL'),
(392, '22R1', '22R1 20'' frigo autonome', 0, 'NULL', 213, '2020-04-24 11:28:25.853', 'NULL', 'NULL'),
(393, '22R2', '22R2 20'' Frigo autonome', 0, 'NULL', 213, '2020-04-24 11:28:25.853', 'NULL', 'NULL'),
(394, '22R8', '22R8 20'' FRIGO', 0, 'NULL', 213, '2020-04-24 11:28:25.857', 'NULL', 'NULL'),
(395, '22S0', '22S0 20'' Spécialisé pour Bétail', 0, 'NULL', 213, '2020-04-24 11:28:25.857', 'NULL', 'NULL'),
(396, '22S1', '22S1 20'' Spécialisé pour Automobile', 0, 'NULL', 213, '2020-04-24 11:28:25.857', 'NULL', 'NULL'),
(397, '22S2', '22S2 20'' Spécialisé Poisson vivant', 0, 'NULL', 213, '2020-04-24 11:28:25.857', 'NULL', 'NULL'),
(398, '22T0', '22T0 20'' Citerne', 0, 'NULL', 213, '2020-04-24 11:28:25.857', 'NULL', 'NULL'),
(399, '22T1', '22T1 20'' Cit. alimentaire', 0, 'NULL', 213, '2020-04-24 11:28:25.860', 'NULL', 'NULL'),
(400, '22T2', '22T2 20'' Citerne réfrigéré', 0, 'NULL', 213, '2020-04-24 11:28:25.860', 'NULL', 'NULL'),
(401, '22T6', '22T6 20'' Citerne DGX', 0, 'NULL', 213, '2020-04-24 11:28:25.860', 'NULL', 'NULL'),
(402, '22T7', 'CITERNE CHIMIQUE', 0, 'NULL', 213, '2020-04-24 11:28:25.860', 'NULL', 'NULL'),
(403, '22T8', 'CITERNE FRIGORIFIQUE', 0, 'NULL', 213, '2020-04-24 11:28:25.860', 'NULL', 'NULL'),
(404, '22U0', '22U0 20'' Open Top', 0, 'NULL', 213, '2020-04-24 11:28:25.860', 'NULL', 'NULL'),
(405, '22U1', '22U1 20'' Open Top', 0, 'NULL', 213, '2020-04-24 11:28:25.863', 'NULL', 'NULL'),
(406, '22V0', '22V0 20'' Ventilé', 0, 'NULL', 213, '2020-04-24 11:28:25.863', 'NULL', 'NULL'),
(407, '22V1', '22V1 20'' Ventilé', 0, 'NULL', 213, '2020-04-24 11:28:25.863', 'NULL', 'NULL'),
(408, '22V2', '22V2 20'' Ventilé', 0, 'NULL', 213, '2020-04-24 11:28:25.863', 'NULL', 'NULL'),
(409, '22V3', '22V3 20'' Ventilé', 0, 'NULL', 213, '2020-04-24 11:28:25.863', 'NULL', 'NULL'),
(410, '22V9', '22V9 20'' Ventilé', 0, 'NULL', 213, '2020-04-24 11:28:25.867', 'NULL', 'NULL'),
(411, '23U1', '23U1 20'' open top', 0, 'NULL', 213, '2020-04-24 11:28:25.867', 'NULL', 'NULL'),
(412, '25G1', '25G1 20'' Dry High Cube', 0, 'NULL', 213, '2020-04-24 11:28:25.867', 'NULL', 'NULL'),
(413, '25R1', '25R1 20'' High Cube Frigo', 0, 'NULL', 213, '2020-04-24 11:28:25.867', 'NULL', 'NULL'),
(414, '25U1', '25U1 20'' High Cube Open Top', 0, 'NULL', 213, '2020-04-24 11:28:25.870', 'NULL', 'NULL'),
(415, 'GB20', 'gear box 20''', 0, 'NULL', 213, '2020-04-24 11:28:25.870', 'NULL', 'NULL'),
(416, 20, '0020 BABY TANER', 0, 'NULL', 213, '2020-04-24 11:28:25.870', 'NULL', 'NULL'),
(417, 4000, '4000 40'' Dry', 0, 'NULL', 213, '2020-04-24 11:28:25.870', 'NULL', 'NULL'),
(418, 4028, '4028 40'' Specialisé (Spreader)', 0, 'NULL', 213, '2020-04-24 11:28:25.870', 'NULL', 'NULL'),
(419, 4033, '4033 40'' MAFI', 0, 'NULL', 213, '2020-04-24 11:28:25.873', 'NULL', 'NULL'),
(420, 4051, '4051 40''OPEN TOP', 0, 'NULL', 213, '2020-04-24 11:28:25.873', 'NULL', 'NULL'),
(421, 4100, '4100 40'' DRY', 0, 'NULL', 213, '2020-04-24 11:28:25.873', 'NULL', 'NULL'),
(422, 4110, '4110 40'' Dry', 0, 'NULL', 213, '2020-04-24 11:28:25.873', 'NULL', 'NULL'),
(423, 4200, '4200 40'' DRY', 0, 'NULL', 213, '2020-04-24 11:28:25.873', 'NULL', 'NULL'),
(424, 4210, '4210 40'' DRY', 0, 'NULL', 213, '2020-04-24 11:28:25.877', 'NULL', 'NULL'),
(425, 4232, '4232 40'' FRIGO', 0, 'NULL', 213, '2020-04-24 11:28:25.877', 'NULL', 'NULL'),
(426, 4240, '4240 40'' FRIGO', 0, 'NULL', 213, '2020-04-24 11:28:25.877', 'NULL', 'NULL'),
(427, 4250, '4250 40'' open top', 0, 'NULL', 213, '2020-04-24 11:28:25.877', 'NULL', 'NULL'),
(428, 4251, 'open top', 0, 'NULL', 213, '2020-04-24 11:28:25.877', 'NULL', 'NULL'),
(429, 4260, '4260 40'' Flat', 0, 'NULL', 213, '2020-04-24 11:28:25.880', 'NULL', 'NULL'),
(430, 4261, '4261 40'' FLAT', 0, 'NULL', 213, '2020-04-24 11:28:25.880', 'NULL', 'NULL'),
(431, 4262, '4262 40'' Flat', 0, 'NULL', 213, '2020-04-24 11:28:25.880', 'NULL', 'NULL'),
(432, 4263, '4263 40'' PLATE FORME', 0, 'NULL', 213, '2020-04-24 11:28:25.880', 'NULL', 'NULL'),
(433, 4299, '4299 40'' Special', 0, 'NULL', 213, '2020-04-24 11:28:25.880', 'NULL', 'NULL'),
(434, 4300, '4300 40'' DRY', 0, 'NULL', 213, '2020-04-24 11:28:25.880', 'NULL', 'NULL'),
(435, 4310, '4310 40'' Dry', 0, 'NULL', 213, '2020-04-24 11:28:25.880', 'NULL', 'NULL'),
(436, 4330, '4330 40'' Frigo autonome', 0, 'NULL', 213, '2020-04-24 11:28:25.883', 'NULL', 'NULL'),
(437, 4332, '4332 40'' FRIGO', 0, 'NULL', 213, '2020-04-24 11:28:25.883', 'NULL', 'NULL'),
(438, 4350, '4350 40'' Open top', 0, 'NULL', 213, '2020-04-24 11:28:25.883', 'NULL', 'NULL'),
(439, 4351, '4351 40'' Open top', 0, 'NULL', 213, '2020-04-24 11:28:25.883', 'NULL', 'NULL'),
(440, 4360, '4360 40'' Plate forme', 0, 'NULL', 213, '2020-04-24 11:28:25.883', 'NULL', 'NULL'),
(441, 4361, '4361 40'' Plate forme', 0, 'NULL', 213, '2020-04-24 11:28:25.887', 'NULL', 'NULL'),
(442, 4363, '4363 40'' Flat pliable', 0, 'NULL', 213, '2020-04-24 11:28:25.887', 'NULL', 'NULL'),
(443, 4364, '4364 40'' Flat pliable', 0, 'NULL', 213, '2020-04-24 11:28:25.887', 'NULL', 'NULL'),
(444, 4365, '4365 40'' Flat pliable', 0, 'NULL', 213, '2020-04-24 11:28:25.887', 'NULL', 'NULL'),
(445, 4366, '4366 40'' Flat pliable', 0, 'NULL', 213, '2020-04-24 11:28:25.887', 'NULL', 'NULL'),
(446, 4367, '4367 40'' Flat pliable', 0, 'NULL', 213, '2020-04-24 11:28:25.887', 'NULL', 'NULL'),
(447, 4368, '4368 40'' Flat pliable', 0, 'NULL', 213, '2020-04-24 11:28:25.890', 'NULL', 'NULL'),
(448, 4369, '4369 40'' Flat pliable', 0, 'NULL', 213, '2020-04-24 11:28:25.890', 'NULL', 'NULL'),
(449, 4370, '4370 40'' Citerne', 0, 'NULL', 213, '2020-04-24 11:28:25.890', 'NULL', 'NULL'),
(450, 4371, '4371 40'' Citerne', 0, 'NULL', 213, '2020-04-24 11:28:25.890', 'NULL', 'NULL'),
(451, 4372, '4372 40'' Citerne Aliment.', 0, 'NULL', 213, '2020-04-24 11:28:25.890', 'NULL', 'NULL'),
(452, 4373, '4373 40'' Citerne', 0, 'NULL', 213, '2020-04-24 11:28:25.893', 'NULL', 'NULL'),
(453, 4374, '4374 40'' Citerne', 0, 'NULL', 213, '2020-04-24 11:28:25.893', 'NULL', 'NULL'),
(454, 4375, '4375 40'' Citerne', 0, 'NULL', 213, '2020-04-24 11:28:25.893', 'NULL', 'NULL'),
(455, 4376, '4376 40'' Citerne DGX', 0, 'NULL', 213, '2020-04-24 11:28:25.893', 'NULL', 'NULL'),
(456, 4377, '4377 40'' Citerne', 0, 'NULL', 213, '2020-04-24 11:28:25.893', 'NULL', 'NULL'),
(457, 4378, '4378 40'' Citerne', 0, 'NULL', 213, '2020-04-24 11:28:25.897', 'NULL', 'NULL'),
(458, 4379, '4379 40'' Citerne', 0, 'NULL', 213, '2020-04-24 11:28:25.897', 'NULL', 'NULL'),
(459, 4380, '4380 40'' Bulk', 0, 'NULL', 213, '2020-04-24 11:28:25.897', 'NULL', 'NULL'),
(460, 4381, '4381 40'' Bulk', 0, 'NULL', 213, '2020-04-24 11:28:25.897', 'NULL', 'NULL'),
(461, 4382, '4382 40'' Bulk', 0, 'NULL', 213, '2020-04-24 11:28:25.897', 'NULL', 'NULL'),
(462, 4383, '4383 40'' Bulk', 0, 'NULL', 213, '2020-04-24 11:28:25.900', 'NULL', 'NULL'),
(463, 4384, '4384 40'' Bulk', 0, 'NULL', 213, '2020-04-24 11:28:25.900', 'NULL', 'NULL'),
(464, 4385, '4385 40'' Bulk', 0, 'NULL', 213, '2020-04-24 11:28:25.900', 'NULL', 'NULL'),
(465, 4386, '4386 40'' Bulk', 0, 'NULL', 213, '2020-04-24 11:28:25.900', 'NULL', 'NULL'),
(466, 4387, '4387 40'' Bulk', 0, 'NULL', 213, '2020-04-24 11:28:25.900', 'NULL', 'NULL'),
(467, 4388, '4388 40'' Bulk', 0, 'NULL', 213, '2020-04-24 11:28:25.903', 'NULL', 'NULL'),
(468, 4389, '4389 40'' Bulk', 0, 'NULL', 213, '2020-04-24 11:28:25.903', 'NULL', 'NULL'),
(469, 4400, '4400 40'' DRY   High cube', 0, 'NULL', 213, '2020-04-24 11:28:25.903', 'NULL', 'NULL'),
(470, 4430, '4430 40'' frigo  High cube', 0, 'NULL', 213, '2020-04-24 11:28:25.903', 'NULL', 'NULL'),
(471, 4500, '4500 40'' Dry high cube', 0, 'NULL', 213, '2020-04-24 11:28:25.903', 'NULL', 'NULL'),
(472, 4510, '4510 40'' Dry High cube', 0, 'NULL', 213, '2020-04-24 11:28:25.907', 'NULL', 'NULL'),
(473, 4522, '40''', 0, 'NULL', 213, '2020-04-24 11:28:25.907', 'NULL', 'NULL'),
(474, 4523, '40''', 0, 'NULL', 213, '2020-04-24 11:28:25.907', 'NULL', 'NULL'),
(475, 4524, '40''', 0, 'NULL', 213, '2020-04-24 11:28:25.907', 'NULL', 'NULL'),
(476, 4525, '40''', 0, 'NULL', 213, '2020-04-24 11:28:25.910', 'NULL', 'NULL'),
(477, 4526, '40''', 0, 'NULL', 213, '2020-04-24 11:28:25.910', 'NULL', 'NULL'),
(478, 4527, '40''', 0, 'NULL', 213, '2020-04-24 11:28:25.910', 'NULL', 'NULL'),
(479, 4528, '40 ''', 0, 'NULL', 213, '2020-04-24 11:28:25.910', 'NULL', 'NULL'),
(480, 4529, '40''  high cube', 0, 'NULL', 213, '2020-04-24 11:28:25.910', 'NULL', 'NULL'),
(481, 4530, '4530 40'' FRIGO high cube', 0, 'NULL', 213, '2020-04-24 11:28:25.910', 'NULL', 'NULL'),
(482, 4532, '4532 40'' FRIGO  High cube', 0, 'NULL', 213, '2020-04-24 11:28:25.910', 'NULL', 'NULL'),
(483, 4861, '40'' FLAT HIGH CUBE', 0, 'NULL', 213, '2020-04-24 11:28:25.913', 'NULL', 'NULL'),
(484, 9900, '9900 MAFI 40', 0, 'NULL', 213, '2020-04-24 11:28:25.913', 'NULL', 'NULL'),
(485, '41G0', '41G0 40'' Dry', 0, 'NULL', 213, '2020-04-24 11:28:25.913', 'NULL', 'NULL'),
(486, '42G0', '42G0 40'' Dry', 0, 'NULL', 213, '2020-04-24 11:28:25.913', 'NULL', 'NULL'),
(487, '42G1', '42G1 40'' DRY', 0, 'NULL', 213, '2020-04-24 11:28:25.917', 'NULL', 'NULL'),
(488, '42P1', '42P1 Flat 40''', 0, 'NULL', 213, '2020-04-24 11:28:25.917', 'NULL', 'NULL'),
(489, '42P2', '42P2 40'' PLTE-FORME', 0, 'NULL', 213, '2020-04-24 11:28:25.917', 'NULL', 'NULL'),
(490, '42P3', '42P3 40'' Plate-forme', 0, 'NULL', 213, '2020-04-24 11:28:25.917', 'NULL', 'NULL'),
(491, '42R1', '42R1 40'' Frigo', 0, 'NULL', 213, '2020-04-24 11:28:25.917', 'NULL', 'NULL'),
(492, '42R2', '42R2 40'' FRIGO', 0, 'NULL', 213, '2020-04-24 11:28:25.920', 'NULL', 'NULL'),
(493, '42U0', '42U0 40'' OPEN TOP', 0, 'NULL', 213, '2020-04-24 11:28:25.920', 'NULL', 'NULL'),
(494, '42U1', '42U1 40'' Open Top', 0, 'NULL', 213, '2020-04-24 11:28:25.920', 'NULL', 'NULL'),
(495, '43A0', '43A0 40'' Air/Surface', 0, 'NULL', 213, '2020-04-24 11:28:25.920', 'NULL', 'NULL'),
(496, '43B0', '43B0 40'' Pour Solide en vrac', 0, 'NULL', 213, '2020-04-24 11:28:25.920', 'NULL', 'NULL'),
(497, '43B1', '43B1 40'' Pour Solide en vrac', 0, 'NULL', 213, '2020-04-24 11:28:25.923', 'NULL', 'NULL'),
(498, '43G0', '43G0 40'' Dry', 0, 'NULL', 213, '2020-04-24 11:28:25.923', 'NULL', 'NULL'),
(499, '43G1', '43G1 40'' Dry', 0, 'NULL', 213, '2020-04-24 11:28:25.923', 'NULL', 'NULL'),
(500, '43H0', '43H0 40'' Frigo amovible', 0, 'NULL', 213, '2020-04-24 11:28:25.923', 'NULL', 'NULL'),
(501, '43H1', '43H1 40'' Frigo amovible', 0, 'NULL', 213, '2020-04-24 11:28:25.923', 'NULL', 'NULL'),
(502, '43P0', '43P0 40'' Plate-forme', 0, 'NULL', 213, '2020-04-24 11:28:25.927', 'NULL', 'NULL'),
(503, '43P1', '43P1 40'' Plate-forme', 0, 'NULL', 213, '2020-04-24 11:28:25.927', 'NULL', 'NULL'),
(504, '43P3', '43P3 40'' Flat pliable', 0, 'NULL', 213, '2020-04-24 11:28:25.927', 'NULL', 'NULL'),
(505, '43R0', '43R0 40'' Frigo autonome', 0, 'NULL', 213, '2020-04-24 11:28:25.927', 'NULL', 'NULL'),
(506, '43R1', '43R1 40'' Frigo autonome', 0, 'NULL', 213, '2020-04-24 11:28:25.927', 'NULL', 'NULL'),
(507, '43R2', '43R2 40'' Frigo autonome', 0, 'NULL', 213, '2020-04-24 11:28:25.930', 'NULL', 'NULL'),
(508, '43S0', '43S0 40'' Spécialisé', 0, 'NULL', 213, '2020-04-24 11:28:25.930', 'NULL', 'NULL'),
(509, '43S1', '43S1 40'' Spécialisé', 0, 'NULL', 213, '2020-04-24 11:28:25.930', 'NULL', 'NULL'),
(510, '43T0', '43T0 40'' Citerne', 0, 'NULL', 213, '2020-04-24 11:28:25.930', 'NULL', 'NULL'),
(511, '43T1', '43T1 40'' Cit. alimentaire', 0, 'NULL', 213, '2020-04-24 11:28:25.930', 'NULL', 'NULL'),
(512, '43T2', '43T2 40'' Citerne réfrigér', 0, 'NULL', 213, '2020-04-24 11:28:25.930', 'NULL', 'NULL'),
(513, '43T6', '43T6 40'' Citerne DGX', 0, 'NULL', 213, '2020-04-24 11:28:25.930', 'NULL', 'NULL'),
(514, '43U0', '43U0 40'' Open Top', 0, 'NULL', 213, '2020-04-24 11:28:25.933', 'NULL', 'NULL'),
(515, '43U1', '43U1 40'' Open Top', 0, 'NULL', 213, '2020-04-24 11:28:25.933', 'NULL', 'NULL'),
(516, '43V1', '43V1 40'' Ventilé', 0, 'NULL', 213, '2020-04-24 11:28:25.933', 'NULL', 'NULL'),
(517, '43V2', '43V2 40'' Ventilé', 0, 'NULL', 213, '2020-04-24 11:28:25.933', 'NULL', 'NULL'),
(518, '44R0', '44R0 40'' frigo High cube', 0, 'NULL', 213, '2020-04-24 11:28:25.933', 'NULL', 'NULL'),
(519, '45G0', '45G0 40'' Dry High Cube', 0, 'NULL', 213, '2020-04-24 11:28:25.937', 'NULL', 'NULL'),
(520, '45G1', '45G1 40'' Dry High Cube', 0, 'NULL', 213, '2020-04-24 11:28:25.937', 'NULL', 'NULL'),
(521, '45H0', '45H0 40'' Frigo High cube', 0, 'NULL', 213, '2020-04-24 11:28:25.937', 'NULL', 'NULL'),
(522, '45P0', '45P0 40'' Flat High cube', 0, 'NULL', 213, '2020-04-24 11:28:25.937', 'NULL', 'NULL'),
(523, '45P3', 'HIGH CUBE40'' Flat', 0, 'NULL', 213, '2020-04-24 11:28:25.937', 'NULL', 'NULL'),
(524, '45P8', '40'' FLAT HIGH CUBE', 0, 'NULL', 213, '2020-04-24 11:28:25.940', 'NULL', 'NULL'),
(525, '45R0', '45R0 40'' Frigo High cube', 0, 'NULL', 213, '2020-04-24 11:28:25.940', 'NULL', 'NULL'),
(526, '45R1', '45R1 40'' FRIGO High cube', 0, 'NULL', 213, '2020-04-24 11:28:25.940', 'NULL', 'NULL'),
(527, '45R2', '45R2 40'' FRIGO High cube', 0, 'NULL', 213, '2020-04-24 11:28:25.940', 'NULL', 'NULL'),
(528, '45R3', '40'' frigo high cube', 0, 'NULL', 213, '2020-04-24 11:28:25.940', 'NULL', 'NULL'),
(529, '45R4', '40'' frigo high cube', 0, 'NULL', 213, '2020-04-24 11:28:25.940', 'NULL', 'NULL'),
(530, '45R7', '45R7 40'' FRIGO High cube', 0, 'NULL', 213, '2020-04-24 11:28:25.943', 'NULL', 'NULL'),
(531, '45R8', '45R8 Frigo high cube', 0, 'NULL', 213, '2020-04-24 11:28:25.943', 'NULL', 'NULL'),
(532, '45U0', '45U0 40'' Open Top High cube', 0, 'NULL', 213, '2020-04-24 11:28:25.943', 'NULL', 'NULL'),
(533, '45U1', '45U1 40'' Open Top High cube', 0, 'NULL', 213, '2020-04-24 11:28:25.943', 'NULL', 'NULL'),
(534, '45V0', '40'' ventilé high cube', 0, 'NULL', 213, '2020-04-24 11:28:25.943', 'NULL', 'NULL'),
(535, '46G1', '40'' super high cube', 0, 'NULL', 213, '2020-04-24 11:28:25.947', 'NULL', 'NULL'),
(536, '46P3', '40'' FLAT', 0, 'NULL', 213, '2020-04-24 11:28:25.947', 'NULL', 'NULL'),
(537, '49P0', '40'' bolster', 0, 'NULL', 213, '2020-04-24 11:28:25.947', 'NULL', 'NULL'),
(538, '4EG1', '40'' dry', 0, 'NULL', 213, '2020-04-24 11:28:25.947', 'NULL', 'NULL'),
(539, 'GB40', 'gear box 40''', 0, 'NULL', 213, '2020-04-24 11:28:25.947', 'NULL', 'NULL'),
(540, 'L5G1', '45'' Super high cube', 0, 'NULL', 213, '2020-04-24 11:28:25.950', 'NULL', 'NULL'),
(541, '20BH', '20x 9 6 Conteneur HC vrac non press', 0, 'NULL', 1, '2020-10-14 14:59:00.117', 'NULL', 'NULL'),
(542, '20BK', '20x 9 6 Press dech horiz / 150 kpa', 0, 'NULL', 1, '2020-10-14 14:59:00.117', 'NULL', 'NULL'),
(543, '20CH', 'Chassis 20''', 0, 'NULL', 1, '2020-10-14 14:59:00.117', 'NULL', 'NULL'),
(544, '20DV', '20'' conteneur standard', 0, 'NULL', 1, '2020-10-14 14:59:00.117', 'NULL', 'NULL'),
(545, '20FB', '20'' Bolster plateforme', 0, 'NULL', 1, '2020-10-14 14:59:00.117', 'NULL', 'NULL'),
(546, '20FL', '20'' conteneur plateau', 0, 'NULL', 1, '2020-10-14 14:59:00.117', 'NULL', 'NULL'),
(547, '20GA', '20'' Avec groupe electrogene', 0, 'NULL', 1, '2020-10-14 14:59:00.117', 'NULL', 'NULL'),
(548, '20GO', 'Generateur mobile/portatif', 0, 'NULL', 1, '2020-10-14 14:59:00.117', 'NULL', 'NULL'),
(549, '20HC', '20'' ctn. hors limite en hauteur', 0, 'NULL', 1, '2020-10-14 14:59:00.117', 'NULL', 'NULL'),
(550, '20HO', '20x9 6 Ouvert sur une extremite', 0, 'NULL', 1, '2020-10-14 14:59:00.117', 'NULL', 'NULL'),
(551, '20HW', '20x9 6 Large palette march. div.', 0, 'NULL', 1, '2020-10-14 14:59:00.117', 'NULL', 'NULL'),
(552, '20IN', '20x8 6 Isole / Transf chaleur K=0', 0, 'NULL', 1, '2020-10-14 14:59:00.117', 'NULL', 'NULL'),
(553, '20OR', '20'' 4''3'''' Reduit', 0, 'NULL', 1, '2020-10-14 14:59:00.117', 'NULL', 'NULL'),
(554, '20OS', '20x8 6 Cote ouvert', 0, 'NULL', 1, '2020-10-14 14:59:00.117', 'NULL', 'NULL'),
(555, '20OT', '20'' conteneur ? toit ouvrant', 0, 'NULL', 1, '2020-10-14 14:59:00.117', 'NULL', 'NULL'),
(556, '20PP', '20'' Conteneur generateur', 0, 'NULL', 1, '2020-10-14 14:59:00.117', 'NULL', 'NULL'),
(557, '20PW', '20x8 6 Large palette', 0, 'NULL', 1, '2020-10-14 14:59:00.117', 'NULL', 'NULL'),
(558, '20R1', 'Conteneur frigorifique 20''', 0, 'NULL', 1, '2020-10-14 14:59:00.117', 'NULL', 'NULL'),
(559, '20RE', '20'' conteneur frigorifique', 0, 'NULL', 1, '2020-10-14 14:59:00.117', 'NULL', 'NULL'),
(560, '20RH', '20x9 6 Refr. ou chauff. mecaniquemt', 0, 'NULL', 1, '2020-10-14 14:59:00.117', 'NULL', 'NULL'),
(561, '20RO', 'Mafi', 0, 'NULL', 1, '2020-10-14 14:59:00.117', 'NULL', 'NULL'),
(562, '20SH', '20x8 6 March. Div. sur barre susp.', 0, 'NULL', 1, '2020-10-14 14:59:00.117', 'NULL', 'NULL'),
(563, '20SN', '20x8 6 Transporteur de betail', 0, 'NULL', 1, '2020-10-14 14:59:00.117', 'NULL', 'NULL'),
(564, '20SR', '20'' 4''3" Reduit', 0, 'NULL', 1, '2020-10-14 14:59:00.117', 'NULL', 'NULL'),
(565, '20TI', 'Tiroirs Delmas', 0, 'NULL', 1, '2020-10-14 14:59:00.117', 'NULL', 'NULL'),
(566, '20TK', '20'' conteneur citerne', 0, 'NULL', 1, '2020-10-14 14:59:00.117', 'NULL', 'NULL'),
(567, '20VH', '20x8 6 Ventilation basse et haute', 0, 'NULL', 1, '2020-10-14 14:59:00.117', 'NULL', 'NULL'),
(568, '24RF', '24 Frigorifique', 0, 'NULL', 1, '2020-10-14 14:59:00.117', 'NULL', 'NULL'),
(569, '25RF', '25'' Frigo (chauff et refrig meca.)', 0, 'NULL', 1, '2020-10-14 14:59:00.117', 'NULL', 'NULL'),
(570, '25ST', '25*8*8 (Longueur*Largeur*Hauteur)', 0, 'NULL', 1, '2020-10-14 14:59:00.117', 'NULL', 'NULL'),
(571, '40BK', '40x8 6 Press. Dech. Horiz. 150 kpa', 0, 'NULL', 1, '2020-10-14 14:59:00.117', 'NULL', 'NULL'),
(572, '40CH', 'Chassis 40''', 0, 'NULL', 1, '2020-10-14 14:59:00.117', 'NULL', 'NULL'),
(573, '40DV', '40'' conteneur standard', 0, 'NULL', 1, '2020-10-14 14:59:00.117', 5026, '2020-10-16 12:41:08.400'),
(574, '40FB', 'Bolster', 0, 'NULL', 1, '2020-10-14 14:59:00.117', 'NULL', 'NULL'),
(575, '40FL', '40'' conteneur plateau', 0, 'NULL', 1, '2020-10-14 14:59:00.117', 'NULL', 'NULL'),
(576, '40HA', '40x9 6 Transport d''automobile', 0, 'NULL', 1, '2020-10-14 14:59:00.117', 'NULL', 'NULL'),
(577, '40HC', '40'' conteneur h.l. en hauteur', 0, 'NULL', 1, '2020-10-14 14:59:00.117', 'NULL', 'NULL'),
(578, '40HH', '40x9 6 High cube a barre suspendue', 0, 'NULL', 1, '2020-10-14 14:59:00.117', 'NULL', 'NULL'),
(579, '40HO', '40x9 6 Ouvert sur une extremite', 0, 'NULL', 1, '2020-10-14 14:59:00.117', 'NULL', 'NULL'),
(580, '40HR', '40'' ctn. Frigorif. h.l. en hauteur', 0, 'NULL', 1, '2020-10-14 14:59:00.117', 'NULL', 'NULL'),
(581, '40HW', '40x9 6 March. Div. / large palette', 0, 'NULL', 1, '2020-10-14 14:59:00.117', 'NULL', 'NULL'),
(582, '40OR', '40'' 4''3'' Reduit', 0, 'NULL', 1, '2020-10-14 14:59:00.117', 'NULL', 'NULL'),
(583, '40OT', '40'' conteneur ? toit ouvrant', 0, 'NULL', 1, '2020-10-14 14:59:00.117', 'NULL', 'NULL'),
(584, '40PL', '40 Bolster plateforme', 0, 'NULL', 1, '2020-10-14 14:59:00.117', 'NULL', 'NULL'),
(585, '40PR', '40x8 6 Plateforme reduite', 0, 'NULL', 1, '2020-10-14 14:59:00.117', 'NULL', 'NULL'),
(586, '40PW', '40x8 6 Large palette', 0, 'NULL', 1, '2020-10-14 14:59:00.117', 'NULL', 'NULL'),
(587, '40RA', '40x9 6 High cube frigo Antilles', 0, 'NULL', 1, '2020-10-14 14:59:00.117', 'NULL', 'NULL'),
(588, '40RE', '40'' conteneur frigorifique', 0, 'NULL', 1, '2020-10-14 14:59:00.117', 'NULL', 'NULL'),
(589, '40RO', 'Mafi', 0, 'NULL', 1, '2020-10-14 14:59:00.117', 'NULL', 'NULL'),
(590, '40SH', '40x8 6 Ctn stand. a barres susp.', 0, 'NULL', 1, '2020-10-14 14:59:00.117', 'NULL', 'NULL'),
(591, '40SR', '40'' 4''3'''' Reduit', 0, 'NULL', 1, '2020-10-14 14:59:00.117', 'NULL', 'NULL'),
(592, '40TK', '40'' conteneur citerne', 0, 'NULL', 1, '2020-10-14 14:59:00.117', 'NULL', 'NULL'),
(593, '45CH', 'Chassis 45''', 0, 'NULL', 1, '2020-10-14 14:59:00.117', 'NULL', 'NULL'),
(594, '45FR', '45x8 6 2 bouts complets et fixes', 0, 'NULL', 1, '2020-10-14 14:59:00.117', 'NULL', 'NULL'),
(595, '45HC', '45x9 6 Ventilation passive haute', 0, 'NULL', 1, '2020-10-14 14:59:00.117', 'NULL', 'NULL'),
(596, '45HH', '45x9 6 High cube a barre susp.', 0, 'NULL', 1, '2020-10-14 14:59:00.117', 'NULL', 'NULL'),
(597, '45HW', '45x9 6 High cube a large palette', 0, 'NULL', 1, '2020-10-14 14:59:00.117', 'NULL', 'NULL'),
(598, '45OT', '45''  Toit ouvert 8'' 6', 0, 'NULL', 1, '2020-10-14 14:59:00.117', 'NULL', 'NULL'),
(599, '45PW', '45x8 6 Large palette', 0, 'NULL', 1, '2020-10-14 14:59:00.117', 'NULL', 'NULL'),
(600, '45RH', '45x9 6 Refroid. chauff. mecanique', 0, 'NULL', 1, '2020-10-14 14:59:00.117', 'NULL', 'NULL'),
(601, '45RP', '45x9 6 High cube frig. a large pale', 0, 'NULL', 1, '2020-10-14 14:59:00.117', 'NULL', 'NULL'),
(602, '45SB', '45x9 6 Conteneur/caisson mobile (HW', 0, 'NULL', 1, '2020-10-14 14:59:00.117', 'NULL', 'NULL'),
(603, '45ST', '45x8 6 Ventilation passive en haut', 0, 'NULL', 1, '2020-10-14 14:59:00.117', 'NULL', 'NULL');

-- ============================================================================
-- TABLE: thirdpartytype
-- ============================================================================
DELETE FROM `thirdpartytype`;

INSERT INTO `thirdpartytype` (`Id`, `Name`) VALUES
(1, 'Shipping Line'),
(2, 'Agent'),
(3, 'Carrier'),
(4, 'Group'),
(5, 'Client'),
(6, 'Forwarder');

-- ============================================================================
-- TABLE: commodity
-- ============================================================================
DELETE FROM `commodity`;

INSERT INTO `commodity` (`Id`, `Label`, `FreightCategoryId`) VALUES
(1, 'Marchandise Importer', 11),
(2196, 'I1 - Autres Produits Poissonniers', 1),
(2197, 'I1 - Poisson Congelé', 1),
(2198, 'I1 - Riz', 1),
(2199, 'I1 - Thon Congelé', 1),
(2200, 'I1 - Tomates Concentrées', 1),
(2201, 'I1 - Viande Congelée', 1),
(2202, 'I2 - Ail', 4),
(2203, 'I2 - Amidon Alimentaire', 4),
(2204, 'I2 - Autres Aliments Pour Animaux', 4),
(2205, 'I2 - Autres Céréales', 4),
(2206, 'I2 - Autres Crustacés et Fruits de mer', 4),
(2207, 'I2 - Autres Engrais', 4),
(2208, 'I2 - Autres Fruits et Légumes', 4),
(2209, 'I2 - Autres Insecticides Agricoles', 4),
(2210, 'I2 - Autres Produits Alimentaires', 4),
(2211, 'I2 - Autres Produits Laitiers, Œufs', 4),
(2212, 'I2 - Autres semences', 4),
(2213, 'I2 - Blé', 4),
(2214, 'I2 - Carottes', 4),
(2215, 'I2 - Céréales', 4),
(2216, 'I2 - Farine', 4),
(2217, 'I2 - Farine Lactée', 4),
(2218, 'I2 - Glucose', 4),
(2219, 'I2 - Insecticides Agricoles', 4),
(2220, 'I2 - Lait en Poudre', 4),
(2221, 'I2 - Légumes frais', 4),
(2222, 'I2 - Levure', 4),
(2223, 'I2 - Maïs', 4),
(2224, 'I2 - Malt', 4),
(2225, 'I2 - Oignons', 4),
(2226, 'I2 - Pommes', 4),
(2227, 'I2 - Pommes de terre', 4),
(2228, 'I2 - Préparation Alimentaire', 4),
(2229, 'I2 - Produits Alimentaires de Base', 4),
(2230, 'I2 - Produits Laitiers', 4),
(2231, 'I2 - Sel', 4),
(2232, 'I2 - Semoule', 4),
(2233, 'I2 - Sésame', 4),
(2234, 'I2 - Sirops Sucre/Glucose', 4),
(2235, 'I2 - Sucre', 4),
(2236, 'I2 - Sucre/Sel', 4),
(2237, 'I2 - Thé', 4),
(2238, 'I2 - Tomates Pelées', 4),
(2239, 'I3 - Alcool Pharmaceutique', 5),
(2240, 'I3 - Aluminium en rouleaux pour construction', 5),
(2241, 'I3 - Appareils Sanitaires', 5),
(2242, 'I3 - Articles de Librairie', 5),
(2243, 'I3 - Autres Matériaux de construction', 5),
(2244, 'I3 - Briques pour construction', 5),
(2245, 'I3 - Carreaux', 5),
(2246, 'I3 - Ciment', 5),
(2247, 'I3 - Ciment Blanc', 5),
(2248, 'I3 - Coton Hydrophile Pharmacie', 5),
(2249, 'I3 - Effets Personnels', 5),
(2250, 'I3 - Fer à béton', 5),
(2251, 'I3 - Fer blanc', 5),
(2252, 'I3 - Fibro ciment', 5),
(2253, 'I3 - Instruments médicaux', 5),
(2254, 'I3 - Marbres', 5),
(2255, 'I3 - Matériel de laboratoire', 5),
(2256, 'I3 - Médicaments', 5),
(2257, 'I3 - Pansements', 5),
(2258, 'I3 - Placages et contre-plaques', 5),
(2259, 'I3 - Plâtre', 5),
(2260, 'I3 - Produits pharmaceutiques', 5),
(2261, 'I3 - Robinetterie', 5),
(2262, 'I3 - Savons médicinaux', 5),
(2263, 'I3 - Tôles', 5),
(2264, 'I3 - Tôles profilées', 5),
(2265, 'I3 - Tuiles', 5),
(2266, 'I3 - Tuyaux en fonte', 5),
(2267, 'I3 - Tuyaux plastique', 5),
(2268, 'I4 - Accessoires de véhicules', 6),
(2269, 'I4 - Acier', 6),
(2270, 'I4 - Albums photographie', 6),
(2271, 'I4 - Alcool Imco', 6),
(2272, 'I4 - Aluminium and articles Thereof', 6),
(2273, 'I4 - Ameublement', 6),
(2274, 'I4 - Ampoules électriques', 6),
(2275, 'I4 - Appareil photographique', 6),
(2276, 'I4 - Appareils de climatisation', 6),
(2277, 'I4 - Appareils de levage', 6),
(2278, 'I4 - Appareils électro-ménagers', 6),
(2279, 'I4 - Aradrap perfore', 6),
(2280, 'I4 - Argile', 6),
(2281, 'I4 - Armoires frigorifiques', 6),
(2282, 'I4 - Articles de bureau', 6),
(2283, 'I4 - Articles de confection', 6),
(2284, 'I4 - Articles de mercerie', 6),
(2285, 'I4 - Articles de mode', 6),
(2286, 'I4 - Articles de papeterie divers', 6),
(2287, 'I4 - Articles de pèche', 6),
(2288, 'I4 - Articles de publicité', 6),
(2289, 'I4 - Articles de sport', 6),
(2290, 'I4 - Articles religieux', 6),
(2291, 'I4 - Assiettes', 6),
(2292, 'I4 - Autres Aciers', 6),
(2293, 'I4 - Autres Articles à base de papier', 6),
(2294, 'I4 - Autres articles d''ameublement', 6),
(2295, 'I4 - Autres articles de voyage maroquinerie', 6),
(2296, 'I4 - Autres boissons alcoolisées', 6),
(2297, 'I4 - Autres conserves alimentaires', 6),
(2298, 'I4 - Autres cycles et motocycles', 6),
(2299, 'I4 - Autres dérivés de cacao', 6),
(2300, 'I4 - Autres dérivés de café', 6),
(2301, 'I4 - Autres emballage', 6),
(2302, 'I4 - Autres fil de cuivre', 6),
(2303, 'I4 - Autres gaz', 6),
(2304, 'I4 - Autres gommes et résines', 6),
(2305, 'I4 - Autres huiles', 6),
(2306, 'I4 - Autres insecticides', 6),
(2307, 'I4 - Autres insecticides agricoles', 6),
(2308, 'I4 - Autres matériels ferroviaires', 6),
(2309, 'I4 - Autres matériels engins agricoles et travaux publics', 6),
(2310, 'I4 - Autres matières brutes animales', 6),
(2311, 'I4 - Autres matières végétales', 6),
(2312, 'I4 - Autres ouvrages en bois', 6),
(2313, 'I4 - Autres produits chimiques', 6),
(2314, 'I4 - Autres produits à base de tabac', 6),
(2315, 'I4 - Autres produits d''entretien', 6),
(2316, 'I4 - Autres produits fare, cosmétique, toilette', 6),
(2317, 'I4 - Autres produits manufactures divers', 6),
(2318, 'I4 - Autres produits pétroliers', 6),
(2319, 'I4 - Bâches', 6),
(2320, 'I4 - Bateaux', 6),
(2321, 'I4 - Batteries électriques', 6),
(2322, 'I4 - Bijouterie', 6),
(2323, 'I4 - Bitume étanche en rouleaux', 6),
(2324, 'I3 - Bobines de tôles', 5),
(2325, 'I4 - Bois à usage divers', 6),
(2326, 'I4 - Bois débités', 6),
(2327, 'I4 - Bois en grumes', 6),
(2328, 'I4 - Boissons alcoolisées', 6),
(2329, 'I4 - Botes mastic polyester Duck', 6),
(2330, 'I4 - Bouchons unis or', 6),
(2331, 'I4 - Bouteilles de gaz vides', 6),
(2332, 'I4 - Bouteilles vides', 6),
(2333, 'I4 - Brosses', 6),
(2334, 'I4 - Câbles de matériel naval', 6),
(2335, 'I4 - Câbles électriques', 6),
(2336, 'I4 - Câbles téléphoniques', 6),
(2337, 'I4 - Cacao fèves', 6),
(2338, 'I4 - Cacao en poudre', 6),
(2339, 'I4 - cacao en grains', 6),
(2340, 'I4 - Café soluble', 6),
(2341, 'I4 - Cantine métalliques vides', 6),
(2342, 'I4 - Caoutchouc', 6),
(2343, 'I4 - Capsules de bouteilles', 6),
(2344, 'I4 - Cartons of ajinomoto monosodium', 6),
(2345, 'I4 - Cassettes', 6),
(2346, 'I4 - Cercueils', 6),
(2347, 'I4 - Chalk', 6),
(2348, 'I4 - Chariots', 6),
(2349, 'I4 - Charpentes', 6),
(2350, 'I4 - Chaussures', 6),
(2351, 'I4 - Chaux', 6),
(2352, 'I4 - Cigarettes', 6),
(2353, 'I4 - Citernes métalliques', 6),
(2354, 'I4 - Colles', 6),
(2355, 'I4 - Colorants', 6),
(2356, 'I4 - Compresseurs', 6),
(2357, 'I4 - Compresseurs', 6),
(2358, 'I4 - Compteurs et pièces détachées', 6),
(2359, 'I4 - Conserve de thon', 6),
(2360, 'I4 - Construction métallique', 6),
(2361, 'I4 - cordages', 6),
(2362, 'I4 - Cosmétiques', 6),
(2363, 'I4 - Coton Egrené', 6),
(2364, 'I4 - Couteaux pour industrie', 6),
(2365, 'I4 - Couverts', 6),
(2366, 'I4 - Couvertures', 6),
(2367, 'I4 - Craie en poudre', 6),
(2368, 'I4 - Cuir brut', 6),
(2369, 'I4 - Cuir synthétique pour chaussures', 6),
(2370, 'I4 - Cuisinière a gaz', 6),
(2371, 'I4 - Cycles', 6),
(2372, 'I4 - Cyclohexanone', 6),
(2373, 'I4 - Déchets de caoutchouc', 6),
(2374, 'I4 - Déchets divers pour fabrication emballage', 6),
(2375, 'I4 - Dentifrice', 6),
(2376, 'I4 - Dextrose monohydrate', 6),
(2377, 'I4 - Diesel Genrator set', 6),
(2378, 'I4 - Diluants peintures dangereux', 6),
(2379, 'I4 - Disques aluminium', 6),
(2380, 'I4 - Divers non recenses', 6),
(2381, 'I4 - Divers pièces détachées', 6),
(2382, 'I4 - Eaux minérales', 6),
(2383, 'I4 - Effets personnels', 6),
(2384, 'I4 - Electrodes', 6),
(2385, 'I4 - Electrolytes', 6),
(2386, 'I4 - Electroménagers', 6),
(2387, 'I4 - Emballages imprimes', 6),
(2388, 'I4 - Emballages métalliques', 6),
(2389, 'I4 - Encres d''imprimerie', 6),
(2390, 'I4 - Engins travaux publics', 6),
(2391, 'I4 - Equipement électrique', 6),
(2392, 'I4 - Etiquettes', 6),
(2393, 'I4 - Ferraille', 6),
(2394, 'I4 - Fertilisants', 6),
(2395, 'I4 - Feuillards rouleaux', 6),
(2396, 'I4 - Fibres Synthétiques', 6),
(2397, 'I4 - Fibres de jute', 6),
(2398, 'I4 - Fil acier en rouleaux', 6),
(2399, 'I4 - Fil de cuivre matière première pour industrie', 6),
(2400, 'I4 - Fil écru coton', 6),
(2401, 'I4 - Fil synthétique', 6),
(2402, 'I4 - Filets de pêche', 6),
(2403, 'I4 - Films pour photo', 6),
(2404, 'I4 - Fils de fer en rouleaux', 6),
(2405, 'I4 - Fil de jute ou desisal', 6),
(2406, 'I4 - Fils machine', 6),
(2407, 'I4 - Flacons de verres vides', 6),
(2408, 'I4 - Fleurs artificielles', 6),
(2409, 'I4 - Fonds corps boites en fer blanc', 6),
(2410, 'I4 - Footwear, gaiters and the like', 6),
(2411, 'I4 - Fourniture métallique', 6),
(2412, 'I4 - Friperie', 6),
(2413, 'I4 - Gants article de mode', 6),
(2414, 'I4 - Gants de toilette', 6),
(2415, 'I4 - Gants pour industrie', 6),
(2416, 'I4 - Gel anti moustique', 6),
(2417, 'I4 - Glycérine', 6),
(2418, 'I4 - Graviers', 6),
(2419, 'I4 - Grillages métalliques', 6),
(2420, 'I4 - Habillement', 6),
(2421, 'I4 - Harmless', 6),
(2422, 'I4 - Horlogerie et pièces', 6),
(2423, 'I4 - Houseware', 6),
(2424, 'I4 - Huile', 6),
(2425, 'I4 - Huile minérale', 6),
(2426, 'I4 - Huiles essentielles', 6),
(2427, 'I4 - Huiles lubrifiantes', 6),
(2428, 'I4 - Insecticides', 6),
(2429, 'I4 - Instruments de musique', 6),
(2430, 'I4 - Jouets', 6),
(2431, 'I4 - Jus de fruits', 6),
(2432, 'I4 - Laine de verre', 6),
(2433, 'I4 - Lames de rasoir', 6),
(2434, 'I4 - Lampes', 6),
(2435, 'I4 - Latex', 6),
(2436, 'I4 - Lits', 6),
(2437, 'I4 - Lubrifiants', 6),
(2438, 'I4 - Machine à coudre électrique', 6),
(2439, 'I4 - Machines à écrire', 6),
(2440, 'I4 - Machines électromécaniques', 6),
(2441, 'I4 - Machines électroniques', 6),
(2442, 'I4 - Machines industrielles', 6),
(2443, 'I4 - Machines outils', 6),
(2444, 'I4 - Masques de soudure', 6),
(2445, 'I4 - Matériaux isolants', 6),
(2446, 'I4 - Matériel de cinéma', 6),
(2447, 'I4 - Matériel de construction pour installation', 6),
(2448, 'I4 - Matériel de décoration', 6),
(2449, 'I4 - Matériel de forage', 6),
(2450, 'I4 - Matériel de mesure', 6),
(2451, 'I4 - Matériel de photo', 6),
(2452, 'I4 - Matériel de station service', 6),
(2453, 'I4 - Matériel électrique', 6),
(2454, 'I4 - Matériel naval', 6),
(2455, 'I4 - Matériel radio et pièces détachées', 6),
(2456, 'I4 - Matériel téléphonique et pièces détachées', 6),
(2457, 'I4 - Matériel télévision et pièces détachées', 6),
(2458, 'I4 - Matériels d''empotage', 6),
(2459, 'I4 - Matières plastiques', 6),
(2460, 'I4 - Matières plastiques synthétiques', 6),
(2461, 'I4 - Matières premières pour fabrication engrais', 6),
(2462, 'I4 - Menuiserie en acier', 6),
(2463, 'I4 - Menuiserie en aluminium', 6),
(2464, 'I4 - Menuiserie en bois', 6),
(2465, 'I4 - Mercerie', 6),
(2466, 'I4 - Métaux non ferreux', 6),
(2467, 'I4 - Meubles', 6),
(2468, 'I4 - Minerais', 6),
(2469, 'I4 - Miroirs', 6),
(2470, 'I4 - Moquettes', 6),
(2471, 'I4 - Moteurs électriques', 6),
(2472, 'I4 - Moteurs engins travaux publics', 6),
(2473, 'I4 - Motocycles', 6),
(2474, 'I4 - Mouchons', 6),
(2475, 'I4 - Moustiquaire', 6),
(2476, 'I4 - Munition', 6),
(2477, 'I4 - Noix de cajou', 6),
(2478, 'I4 - Ouate de cellulose', 6),
(2479, 'I4 - Outillage à  main', 6),
(2480, 'I4 - Palmistes', 6),
(2481, 'I4 - Panneaux stratifiées', 6),
(2482, 'I4 - Papier board', 6),
(2483, 'I4 - Papiers', 6),
(2484, 'I4 - Papiers d''emballage', 6),
(2485, 'I4 - Paraffine', 6),
(2486, 'I4 - Parfumerie', 6),
(2487, 'I4 - Peintures', 6),
(2488, 'I4 - Pétrole brut', 6),
(2489, 'I4 - Pièces de rechange pour tracteurs', 6),
(2490, 'I4 - Pièces détachées pour machines électroniques', 6),
(2491, 'I4 - Pièces détaillées machines à outil', 6),
(2492, 'I4 - Pièces détachées matériel naval', 6),
(2493, 'I4 - Pièces détachées neuves', 6),
(2494, 'I4 - Pièces détachées pour climatisation', 6),
(2495, 'I4 - Pièces détachées pour locomotive', 6),
(2496, 'I4 - Pièces détachées pour pulvérisateur solo', 6),
(2497, 'I4 - Pièces détachées pour véhicules', 6),
(2498, 'I4 - Pièces détachées téléphone', 6),
(2499, 'I4 - Pièces détachées véhicules', 6),
(2500, 'I4 - Pierres brutes pour construction', 6),
(2501, 'I4 - Piles électriques', 6),
(2502, 'I4 - Plaque caoutchouc synthétique pour chaussures', 6),
(2503, 'I4 - Pneumatique', 6),
(2504, 'I4 - Polymère', 6),
(2505, 'I4 - Pompes électriques', 6),
(2506, 'I4 - Produits auxiliaires pour peinture', 6),
(2507, 'I4 - Produits chimiques', 6),
(2508, 'I4 - Produits de beauté', 6),
(2509, 'I4 - Produits dietiques', 6),
(2510, 'I4 - Produits industriels', 6),
(2511, 'I4 - Produits manufactures divers', 6),
(2512, 'I4 - Produits manufactures divers dangereux', 6),
(2513, 'I4 - Produits Pétroliers', 6),
(2514, 'I4 - Produits pharmaceutiques dangereux', 6),
(2515, 'I4 - Quincaillerie', 6),
(2516, 'I4 - Rayonnages', 6),
(2517, 'I4 - Reproduction plastic roll', 6),
(2518, 'I4 - Résine', 6),
(2519, 'I4 - Résine synthétique', 6),
(2520, 'I4 - Résines synthétique dangereux', 6),
(2521, 'I4 - Résines synthétique dangereux', 6),
(2522, 'I4 - Revêtements de sol', 6),
(2523, 'I4 - Rouleaux de papier Kraft', 6),
(2524, 'I4 - Sardines en conserve', 6),
(2525, 'I4 - Satellite dishantenna', 6),
(2526, 'I4 - Savons', 6),
(2527, 'I4 - Semence', 6),
(2528, 'I4 - Serpillères', 6),
(2529, 'I4 - Serrures', 6),
(2530, 'I4 - Serviettes de table', 6),
(2531, 'I4 - Serviettes de toilettes', 6),
(2532, 'I4 - Sulfate de soude', 6),
(2533, 'I4 - Tabacs', 6),
(2534, 'I4 - Talc industriel', 6),
(2535, 'I4 - Tapisserie', 6),
(2536, 'I4 - Textiles', 6),
(2537, 'I4 - Tissu écru', 6),
(2538, 'I4 - Tissu écru 100% coton carde', 6),
(2539, 'I4 - Tissus', 6),
(2540, 'I4 - Tissus enduits', 6),
(2541, 'I4 - Titanium oxydés', 6),
(2542, 'I4 - Tôles aciers à l''export', 6),
(2543, 'I4 - Tôles aciers + ferrons', 6),
(2544, 'I4 - Tourets de câbles aciers machine outils', 6),
(2545, 'I4 - Tourteaux', 6),
(2546, 'I4 - tracteurs', 6),
(2547, 'I4 - Tubes en matières plastiques', 6),
(2548, 'I4 - Ustensiles de cuisine', 6),
(2549, 'I4 - Vaisselle', 6),
(2550, 'I4 - Vaisselle en argent', 6),
(2551, 'I4 - Valises', 6),
(2552, 'I4 - Vaseline', 6),
(2553, 'I4 - Vaseline Merkur', 6),
(2554, 'I4 - Véhicules', 6),
(2555, 'I4 - Véhicules d''occasion', 6),
(2556, 'I4 - Véhicules neufs', 6),
(2557, 'I4 - Ventilateurs électriques', 6),
(2558, 'I4 - Verrerie', 6),
(2559, 'I4 - Verres vitres', 6),
(2560, 'I4 - Vins', 6),
(2561, 'I4 - Yellow popcorn', 6),
(2562, 'E1 - Autres dérives de cacao', 7),
(2563, 'E1 - Autres dérives de Café', 7),
(2564, 'E1 - Autres fruits et légumes', 7),
(2565, 'E1 - Beurre de cacao', 7),
(2566, 'E1 - Cacao en fèves', 7),
(2567, 'E1 - Cacao en poudre', 7),
(2568, 'E1 - Café en grains', 7),
(2569, 'E1 - Conserve de thon', 7),
(2570, 'E1 - Coton égrené', 7),
(2571, 'E1 - Déchets de coton', 7),
(2572, 'E1 - Graines de coton', 7),
(2573, 'E1 - Longe de thon', 7),
(2574, 'E1 - Masse de cacao', 7),
(2575, 'E1 - Mousse de cacao', 7),
(2576, 'E1 - Noix de coco', 7),
(2577, 'E1 - Œufs de thons', 7),
(2578, 'E1 - Pate de cacao', 7),
(2579, 'E1 - Thon congelé', 7),
(2580, 'E1 - Tourteaux de cacao', 7),
(2581, 'E1 - Tourteaux de coton', 7),
(2582, 'E1 - Ananas frais', 7),
(2583, 'E2 - Autres huiles', 8),
(2584, 'E2 - Autres Mat végétales', 8),
(2585, 'E2 - Autres Oléagineux', 8),
(2586, 'E2 - Autres ouvrages en bois', 8),
(2587, 'E1 - Banane fraîche', 7),
(2588, 'E2 - Beurre de karité', 8),
(2589, 'E2 - Café soluble', 8),
(2590, 'E2 - Caoutchouc', 8),
(2591, 'E2 - Coco Râpé', 8),
(2592, 'E2 - Coprah', 8),
(2593, 'E2 - Farine', 8),
(2594, 'E2 - Huile', 8),
(2595, 'E2 - Huile de coprah brute', 8),
(2596, 'E2 - Ignames frais', 8),
(2597, 'E2 - Noix de cajou ', 8),
(2598, 'E2 - Palmistes', 8),
(2599, 'E2 - Sésame', 8),
(2600, 'E2 - Sucre', 8),
(2601, 'E2 - Semences', 8),
(2602, 'E2 - Semoule', 8),
(2603, 'E2 - Textiles', 8),
(2604, 'E2 - Tourteaux de Coprah', 8),
(2605, 'E2 - Thé', 8),
(2606, 'E3 - Acier', 9),
(2607, 'E3 - Aliments pour animaux', 9),
(2608, 'E3 - Aliments pour poisson', 9),
(2609, 'E3 - Allumettes dangereux', 9),
(2610, 'E3 - Aluminium', 9),
(2611, 'E3 - Amidon alimentaire', 9),
(2612, 'E3 - Appareils électro-ménagers', 9),
(2613, 'E3 - Articles d''ameublement', 9),
(2614, 'E3 - Articles de librairie', 9),
(2615, 'E3 - Articles de mode', 9),
(2616, 'E3 - Articles de papeterie divers', 9),
(2617, 'E3 - Articles de pêche', 9),
(2618, 'E3 - Articles de publicité', 9),
(2619, 'E3 - Autres Aciers', 9),
(2620, 'E3 - Autres cycles et motocycles', 9),
(2621, 'E3 - Autres emballages', 9),
(2622, 'E2 - Autres engrais', 8),
(2623, 'E3 - Autres fil de cuivre', 9),
(2624, 'E3 - Autres fruits de mer', 9),
(2625, 'E3 - Autres gaz', 9),
(2626, 'E3 - Autres matières brutes végétales', 9),
(2627, 'E3 - Autres produits alimentaires de base', 9),
(2628, 'E3 - Autres produits laitiers, œufs', 9),
(2629, 'E3 - Bitume étanche en rouleaux', 9),
(2630, 'E3 - Bobines de tôles', 9),
(2631, 'E3 - Bois de chauffage', 9),
(2632, 'E3 - Bois débités', 9),
(2633, 'E3 - Bois en grumes', 9),
(2634, 'E3 - Boissons alcoolisées', 9),
(2635, 'E3 - Bouteilles de gaz vides', 9),
(2636, 'E3 - Bouteilles vides', 9),
(2637, 'E3 - Câbles électriques', 9),
(2638, 'E3 - Cantines métalliques vides', 9),
(2639, 'E3 - Capsules de bouteilles', 9),
(2640, 'E3 - Cassettes', 9),
(2641, 'E3 - Charbon de bois', 9),
(2642, 'E3 - Chariots', 9),
(2643, 'E3 - Charpentes', 9),
(2644, 'E3 - Chaussures', 9),
(2645, 'E3 - Chewing gum + bonbons', 9),
(2646, 'E3 - Cigarette', 9),
(2647, 'E3 - Ciment', 9),
(2648, 'E3 - Conteneurs vides', 9),
(2649, 'E3 - Citernes métalliques', 9),
(2650, 'E3 - Colis diplomatiques', 9),
(2651, 'E3 - Colles', 9),
(2652, 'E3 - Colorant Encre Laque color (DGX)', 9),
(2653, 'E3 - Colorants', 9),
(2654, 'E3 - Compresseurs ', 9),
(2655, 'E3 - Cosmétiques', 9),
(2656, 'E3 - Cuir brut ', 9),
(2657, 'E3 - Déchets pour fabrication emballage ', 9),
(2658, 'E3 - Déchets de caoutchouc ', 9),
(2659, 'E3 - Dentifrices ', 9),
(2660, 'E3 - Diluants peinture ', 9),
(2661, 'E3 - Eaux minérales ', 9),
(2662, 'E3 - Effets personnels', 9),
(2663, 'E3 - Engins travaux publics', 9),
(2664, 'E3 - Fer a béton', 9),
(2665, 'E3 - Fer blanc en fardeaux', 9),
(2666, 'E3 - Ferraille ', 9),
(2667, 'E3 - Feuillards rouleaux ', 9),
(2668, 'E3 - Feuilles contreplaque', 9),
(2669, 'E3 - Fibre synthétique ', 9),
(2670, 'E3 - Fil acier en rouleaux ', 9),
(2671, 'E3 - Filets de pêche ', 9),
(2672, 'E3 - Fils machine ', 9),
(2673, 'E3 - Fleurs artificielles ', 9),
(2674, 'E3 - Friperie ', 9),
(2675, 'E3 - Gomme arabique', 9),
(2676, 'E2 - Graines de roucoux', 8),
(2677, 'E3 - Habillement ', 9),
(2678, 'E3 - Instruments de musique', 9),
(2679, 'E3 - Instruments médicaux', 9),
(2680, 'E3 - Iso tank CO2 Vrac DGX', 9),
(2681, 'E3 - Iso tank vides DGX', 9),
(2682, 'E3 - Jus de fruits ', 9),
(2683, 'E3 - Lait en poudre', 9),
(2684, 'E3 - Lubrifiants en futs', 9),
(2685, 'E3 - Machines Électromécaniques ', 9),
(2686, 'E3 - Machines Electroniques ', 9),
(2687, 'E3 - Machines Outils ', 9),
(2688, 'E3 - Maniguettes', 9),
(2689, 'E3 - Matériaux de construction', 9),
(2690, 'E3 - Matériel de forage ', 9),
(2691, 'E3 - Matériel électrique', 9),
(2692, 'E3 - Matériels d''empotage ', 9),
(2693, 'E3 - Matériels plastiques', 9),
(2694, 'E3 - Matériels plastiques synthétiques', 9),
(2695, 'E3 - Médicaments', 9),
(2696, 'E3 - Menuiserie en acier ou fer ', 9),
(2697, 'E3 - Menuiserie en bois', 9),
(2698, 'E3 - Métaux non ferreux ', 9),
(2699, 'E3 - Métaux précieux', 9),
(2700, 'E3 - Meubles ', 9),
(2701, 'E3 - Minerais', 9),
(2702, 'E3 - Moteurs électriques ', 9),
(2703, 'E3 - Motocycles', 9),
(2704, 'E3 - Mouchoirs ', 9),
(2705, 'E3 - Ouate de cellulose', 9),
(2706, 'E3 - Outillage à main', 9),
(2707, 'E3 - Panneaux stratifiés ', 9),
(2708, 'E3 - Papiers d''emballage', 9),
(2709, 'E3 - Parquets et assemblages', 9),
(2710, 'E3 - Peaux brutes', 9),
(2711, 'E3 - Peintures', 9),
(2712, 'E3 - Pièces détachées', 9),
(2713, 'E3 - Placages et contre-plaques', 9),
(2714, 'E3 - Plantes diverses', 9),
(2715, 'E3 - Plaque caoutchouc synthétique', 9),
(2716, 'E3 - Pneumatiques ', 9),
(2717, 'E3 - Poissons congelés', 9),
(2718, 'E3 - Préparation alimentaire Produits de sidérurgie', 9),
(2719, 'E3 - Produits chimiques ', 9),
(2720, 'E3 - Produits de beauté', 9),
(2721, 'E3 - Produits laitiers', 9),
(2722, 'E3 - Produits pharmaceutiques', 9),
(2723, 'E3 - Quincaillerie ', 9),
(2724, 'E3 - Résine ', 9),
(2725, 'E3 - Savons', 9),
(2726, 'E3 - Savons médicaux', 9),
(2727, 'E3 - Serpillères', 9),
(2728, 'E3 - Statues Tanks vides', 9),
(2729, 'E3 - Textiles et tissus', 9),
(2730, 'E3 - Tôles', 9),
(2731, 'E3 - Tourets de câble aciers', 9),
(2732, 'E3 - Tracteurs', 9),
(2733, 'E3 - Tubes PVC', 9),
(2734, 'E3 - Tuiles ', 9),
(2735, 'E3 - Tuyaux plastique', 9),
(2736, 'E3 - Ustensiles de cuisine', 9),
(2737, 'E3 - Véhicules d''occasion', 9),
(2738, 'E3 - Vernis', 9),
(2739, 'E3 - Autres produits non recenses', 9),
(2740, 'E3 - Tuyaux en fonte ', 9),
(2741, 'E3 - Nattes', 9),
(2742, 'E3 - Tubes en matières plastiques', 9),
(2743, 'T5 - Autres Produits Poissonniers', 3),
(2744, 'T5 - Poisson Congelé', 3),
(2745, 'T5 - Riz', 3),
(2746, 'T5 - Thon Congelé', 3),
(2747, 'T5 - Tomates Concentrées', 3),
(2748, 'T5 - Viande Congelée', 3),
(2749, 'T5 - Ail', 3),
(2750, 'T5 - Amidon Alimentaire', 3),
(2751, 'T5 - Autres Aliments Pour Animaux', 3),
(2752, 'T5 - Autres Céréales', 3),
(2753, 'T5 - Autres Crustacés et Fruits de mer', 3),
(2754, 'T5 - Autres Engrais', 3),
(2755, 'T5 - Autres Fruits et Légumes', 3),
(2756, 'T5 - Autres Insecticides Agricoles', 3),
(2757, 'T5 - Autres Produits Alimentaires', 3),
(2758, 'T5 - Autres Produits Laitiers, Œufs', 3),
(2759, 'T5 - Autres semences', 3),
(2760, 'T5 - Blé', 3),
(2761, 'T5 - Carottes', 3),
(2762, 'T5 - Céréales', 3),
(2763, 'T5 - Farine', 3),
(2764, 'T5 - Farine Lactée', 3),
(2765, 'T5 - Glucose', 3),
(2766, 'T5 - Insecticides Agricoles', 3),
(2767, 'T5 - Lait en Poudre', 3),
(2768, 'T5 - Légumes frais', 3),
(2769, 'T5 - Levure', 3),
(2770, 'T5 - Maïs', 3),
(2771, 'T5 - Malt', 3),
(2772, 'T5 - Oignons', 3),
(2773, 'T5 - Pommes', 3),
(2774, 'T5 - Pommes de terre', 3),
(2775, 'T5 - Préparation Alimentaire', 3),
(2776, 'T5 - Produits Alimentaires de Base', 3),
(2777, 'T5 - Produits Laitiers', 3),
(2778, 'T5 - Sel', 3),
(2779, 'T5 - Semoule', 3),
(2780, 'T5 - Sésame', 3),
(2781, 'T5 - Sirops Sucre/Glucose', 3),
(2782, 'T5 - Sucre', 3),
(2783, 'T5 - Sucre/Sel', 3),
(2784, 'T5 - Thé', 3),
(2785, 'T5 - Tomates Pelées', 3),
(2786, 'T5 - Alcool Pharmaceutique', 3),
(2787, 'T5 - Aluminium en rouleaux pour construction', 3),
(2788, 'T5 - Appareils Sanitaires', 3),
(2789, 'T5 - Articles de Librairie', 3),
(2790, 'T5 - Autres Matériaux de construction', 3),
(2791, 'T5 - Briques pour construction', 3),
(2792, 'T5 - Carreaux', 3),
(2793, 'T5 - Ciment', 3),
(2794, 'T5 - Ciment Blanc', 3),
(2795, 'T5 - Coton Hydrophile Pharmacie', 3),
(2796, 'T5 - Effets Personnels', 3),
(2797, 'T5 - Fer à béton', 3),
(2798, 'T5 - Fer blanc', 3),
(2799, 'T5 - Fibro ciment', 3),
(2800, 'T5 - Instruments médicaux', 3),
(2801, 'T5 - Marbres', 3),
(2802, 'T5 - Matériel de laboratoire', 3),
(2803, 'T5 - Médicaments', 3),
(2804, 'T5 - Pansements', 3),
(2805, 'T5 - Placages et contre-plaques', 3),
(2806, 'T5 - Plâtre', 3),
(2807, 'T5 - Produits pharmaceutiques', 3),
(2808, 'T5 - Robinetterie', 3),
(2809, 'T5 - Savons médicinaux', 3),
(2810, 'T5 - Tôles', 3),
(2811, 'T5 - Tôles profilées', 3),
(2812, 'T5 - Tuiles', 3),
(2813, 'T5 - Tuyaux en fonte', 3),
(2814, 'T5 - Tuyaux plastique', 3),
(2815, 'T5 - Accessoires de véhicules', 3),
(2816, 'T5 - Acier', 3),
(2817, 'T5 - Albums photographie', 3),
(2818, 'T5 - Alcool Imco', 3),
(2819, 'T5 - Aluminium and articles Thereof', 3),
(2820, 'T5 - Ameublement', 3),
(2821, 'T5 - Ampoules électriques', 3),
(2822, 'T5 - Appareil photographique', 3),
(2823, 'T5 - Appareils de climatisation', 3),
(2824, 'T5 - Appareils de levage', 3),
(2825, 'T5 - Appareils électro-ménagers', 3),
(2826, 'T5 - Aradrap perfore', 3),
(2827, 'T5 - Argile', 3),
(2828, 'T5 - Armoires frigorifiques', 3),
(2829, 'T5 - Articles de bureau', 3),
(2830, 'T5 - Articles de confection', 3),
(2831, 'T5 - Articles de mercerie', 3),
(2832, 'T5 - Articles de mode', 3),
(2833, 'T5 - Articles de papeterie divers', 3),
(2834, 'T5 - Articles de pèche', 3),
(2835, 'T5 - Articles de publicité', 3),
(2836, 'T5 - Articles de sport', 3),
(2837, 'T5 - Articles religieux', 3),
(2838, 'T5 - Assiettes', 3),
(2839, 'T5 - Autres Aciers', 3),
(2840, 'T5 - Autres Articles à base de papier', 3),
(2841, 'T5 - Autres articles d''ameublement', 3),
(2842, 'T5 - Autres articles de voyage maroquinerie', 3),
(2843, 'T5 - Autres boissons alcoolisées', 3),
(2844, 'T5 - Autres conserves alimentaires', 3),
(2845, 'T5 - Autres cycles et motocycles', 3),
(2846, 'T5 - Autres dérivés de cacao', 3),
(2847, 'T5 - Autres dérivés de café', 3),
(2848, 'T5 - Autres emballage', 3),
(2849, 'T5 - Autres fil de cuivre', 3),
(2850, 'T5 - Autres gaz', 3),
(2851, 'T5 - Autres gommes et résines', 3),
(2852, 'T5 - Autres huiles', 3),
(2853, 'T5 - Autres insecticides', 3),
(2854, 'T5 - Autres insecticides agricoles', 3),
(2855, 'T5 - Autres matériels ferroviaires', 3),
(2856, 'T5 - Autres matériels engins agricoles et travaux publics', 3),
(2857, 'T5 - Autres matières brutes animales', 3),
(2858, 'T5 - Autres matières végétales', 3),
(2859, 'T5 - Autres ouvrages en bois', 3),
(2860, 'T5 - Autres produits chimiques', 3),
(2861, 'T5 - Autres produits à base de tabac', 3),
(2862, 'T5 - Autres produits d''entretien', 3),
(2863, 'T5 - Autres produits fare, cosmétique, toilette', 3),
(2864, 'T5 - Autres produits manufactures divers', 3),
(2865, 'T5 - Autres produits pétroliers', 3),
(2866, 'T5 - Bâches', 3),
(2867, 'T5 - Bateaux', 3),
(2868, 'T5 - Batteries électriques', 3),
(2869, 'T5 - Bijouterie', 3),
(2870, 'T5 - Bitume étanche en rouleaux', 3),
(2871, 'T5 - Bobines de tôles', 3),
(2872, 'T5 - Bois à usage divers', 3),
(2873, 'T5 - Bois débités', 3),
(2874, 'T5 - Bois en grumes', 3),
(2875, 'T5 - Boissons alcoolisées', 3),
(2876, 'T5 - Botes mastic polyester Duck', 3),
(2877, 'T5 - Bouchons unis or', 3),
(2878, 'T5 - Bouteilles de gaz vides', 3),
(2879, 'T5 - Bouteilles vides', 3),
(2880, 'T5 - Brosses', 3),
(2881, 'T5 - Câbles de matériel naval', 3),
(2882, 'T5 - Câbles électriques', 3),
(2883, 'T5 - Câbles téléphoniques', 3),
(2884, 'T5 - Cacao fèves', 3),
(2885, 'T5 - Cacao en poudre', 3),
(2886, 'T5 - cacao en grains', 3),
(2887, 'T5 - Café soluble', 3),
(2888, 'T5 - Cantine métalliques vides', 3),
(2889, 'T5 - Caoutchouc', 3),
(2890, 'T5 - Capsules de bouteilles', 3),
(2891, 'T5 - Cartons of ajinomoto monosodium', 3),
(2892, 'T5 - Cassettes', 3),
(2893, 'T5 - Cercueils', 3),
(2894, 'T5 - Chalk', 3),
(2895, 'T5 - Chariots', 3),
(2896, 'T5 - Charpentes', 3),
(2897, 'T5 - Chaussures', 3),
(2898, 'T5 - Chaux', 3),
(2899, 'T5 - Cigarettes', 3),
(2900, 'T5 - Citernes métalliques', 3),
(2901, 'T5 - Colles', 3),
(2902, 'T5 - Colorants', 3),
(2903, 'T5 - Compresseurs', 3),
(2904, 'T5 - Compresseurs', 3),
(2905, 'T5 - Compteurs et pièces détachées', 3),
(2906, 'T5 - Conserve de thon', 3),
(2907, 'T5 - Construction métallique', 3),
(2908, 'T5 - cordages', 3),
(2909, 'T5 - Cosmétiques', 3),
(2910, 'T5 - Coton Egrené', 3),
(2911, 'T5 - Couteaux pour industrie', 3),
(2912, 'T5 - Couverts', 3),
(2913, 'T5 - Couvertures', 3),
(2914, 'T5 - Craie en poudre', 3),
(2915, 'T5 - Cuir brut', 3),
(2916, 'T5 - Cuir synthétique pour chaussures', 3),
(2917, 'T5 - Cuisinière a gaz', 3),
(2918, 'T5 - Cycles', 3),
(2919, 'T5 - Cyclohexanone', 3),
(2920, 'T5 - Déchets de caoutchouc', 3),
(2921, 'T5 - Déchets divers pour fabrication emballage', 3),
(2922, 'T5 - Dentifrice', 3),
(2923, 'T5 - Dextrose monohydrate', 3),
(2924, 'T5 - Diesel Genrator set', 3),
(2925, 'T5 - Diluants peintures dangereux', 3),
(2926, 'T5 - Disques aluminium', 3),
(2927, 'T5 - Divers non recenses', 3),
(2928, 'T5 - Divers pièces détachées', 3),
(2929, 'T5 - Eaux minérales', 3),
(2930, 'T5 - Effets personnels', 3),
(2931, 'T5 - Electrodes', 3),
(2932, 'T5 - Electrolytes', 3),
(2933, 'T5 - Electroménagers', 3),
(2934, 'T5 - Emballages imprimes', 3),
(2935, 'T5 - Emballages métalliques', 3),
(2936, 'T5 - Encres d''imprimerie', 3),
(2937, 'T5 - Engins travaux publics', 3),
(2938, 'T5 - Equipement électrique', 3),
(2939, 'T5 - Etiquettes', 3),
(2940, 'T5 - Ferraille', 3),
(2941, 'T5 - Fertilisants', 3),
(2942, 'T5 - Feuillards rouleaux', 3),
(2943, 'T5 - Fibres Synthétiques', 3),
(2944, 'T5 - Fibres de jute', 3),
(2945, 'T5 - Fil acier en rouleaux', 3),
(2946, 'T5 - Fil de cuivre matière première pour industrie', 3),
(2947, 'T5 - Fil écru coton', 3),
(2948, 'T5 - Fil synthétique', 3),
(2949, 'T5 - Filets de pêche', 3),
(2950, 'T5 - Films pour photo', 3),
(2951, 'T5 - Fils de fer en rouleaux', 3),
(2952, 'T5 - Fil de jute ou desisal', 3),
(2953, 'T5 - Fils machine', 3),
(2954, 'T5 - Flacons de verres vides', 3),
(2955, 'T5 - Fleurs artificielles', 3),
(2956, 'T5 - Fonds corps boites en fer blanc', 3),
(2957, 'T5 - Footwear, gaiters and the like', 3),
(2958, 'T5 - Fourniture métallique', 3),
(2959, 'T5 - Friperie', 3),
(2960, 'T5 - Gants article de mode', 3),
(2961, 'T5 - Gants de toilette', 3),
(2962, 'T5 - Gants pour industrie', 3),
(2963, 'T5 - Gel anti moustique', 3),
(2964, 'T5 - Glycérine', 3),
(2965, 'T5 - Graviers', 3),
(2966, 'T5 - Grillades métalliques', 3),
(2967, 'T5 - Habillement', 3),
(2968, 'T5 - Harmless', 3),
(2969, 'T5 - Horlogerie et pièces', 3),
(2970, 'T5 - Houseware', 3),
(2971, 'T5 - Huile', 3),
(2972, 'T5 - Huile minérale', 3),
(2973, 'T5 - Huiles essentielles', 3),
(2974, 'T5 - Huiles lubrifiantes', 3),
(2975, 'T5 - Insecticides', 3),
(2976, 'T5 - Instruments de musique', 3),
(2977, 'T5 - Jouets', 3),
(2978, 'T5 - Jus de fruits', 3),
(2979, 'T5 - Laine de verre', 3),
(2980, 'T5 - Lames de rasoir', 3),
(2981, 'T5 - Lampes', 3),
(2982, 'T5 - Latex', 3),
(2983, 'T5 - Lits', 3),
(2984, 'T5 - Lubrifiants', 3),
(2985, 'T5 - Machine à coudre électrique', 3),
(2986, 'T5 - Machines à écrire', 3),
(2987, 'T5 - Machines électromécaniques', 3),
(2988, 'T5 - Machines électroniques', 3),
(2989, 'T5 - Machines industrielles', 3),
(2990, 'T5 - Machines outils', 3),
(2991, 'T5 - Masques de soudure', 3),
(2992, 'T5 - Matériaux isolants', 3),
(2993, 'T5 - Matériel de cinéma', 3),
(2994, 'T5 - Matériel de construction pour installation', 3),
(2995, 'T5 - Matériel de décoration', 3),
(2996, 'T5 - Matériel de forage', 3),
(2997, 'T5 - Matériel de mesure', 3),
(2998, 'T5 - Matériel de photo', 3),
(2999, 'T5 - Matériel de station service', 3),
(3000, 'T5 - Matériel électrique', 3),
(3001, 'T5 - Matériel naval', 3),
(3002, 'T5 - Matériel radio et pièces détachées', 3),
(3003, 'T5 - Matériel téléphonique et pièces détachées', 3),
(3004, 'T5 - Matériel télévision et pièces détachées', 3),
(3005, 'T5 - Matériels d''empotage', 3),
(3006, 'T5 - Matières plastiques', 3),
(3007, 'T5 - Matières plastiques synthétiques', 3),
(3008, 'T5 - Matières premières pour fabrication engrais', 3),
(3009, 'T5 - Menuiserie en acier', 3),
(3010, 'T5 - Menuiserie en aluminium', 3),
(3011, 'T5 - Menuiserie en bois', 3),
(3012, 'T5 - Mercerie', 3),
(3013, 'T5 - Métaux non ferreux', 3),
(3014, 'T5 - Meubles', 3),
(3015, 'T5 - Minerais', 3),
(3016, 'T5 - Miroirs', 3),
(3017, 'T5 - Moquettes', 3),
(3018, 'T5 - Moteurs électriques', 3),
(3019, 'T5 - Moteurs engins travaux publics', 3),
(3020, 'T5 - Motocycles', 3),
(3021, 'T5 - Mouchons', 3),
(3022, 'T5 - Moustiquaire', 3),
(3023, 'T5 - Munition', 3),
(3024, 'T5 - Noix de cajou', 3),
(3025, 'T5 - Ouate de cellulose', 3),
(3026, 'T5 - Outillage à  main', 3),
(3027, 'T5 - Palmistes', 3),
(3028, 'T5 - Panneaux stratifiées', 3),
(3029, 'T5 - Papier board', 3),
(3030, 'T5 - Papiers', 3),
(3031, 'T5 - Papiers d''emballage', 3),
(3032, 'T5 - Paraffine', 3),
(3033, 'T5 - Parfumerie', 3),
(3034, 'T5 - Peintures', 3),
(3035, 'T5 - Pétrole brut', 3),
(3036, 'T5 - Pièces de rechange pour tracteurs', 3),
(3037, 'T5 - Pièces détachées pour machines électroniques', 3),
(3038, 'T5 - Pièces détaillées machines à outil', 3),
(3039, 'T5 - Pièces détachées matériel naval', 3),
(3040, 'T5 - Pièces détachées neuves', 3),
(3041, 'T5 - Pièces détachées pour climatisation', 3),
(3042, 'T5 - Pièces détachées pour locomotive', 3),
(3043, 'T5 - Pièces détachées pour pulvérisateur solo', 3),
(3044, 'T5 - Pièces détachées pour véhicules', 3),
(3045, 'T5 - Pièces détachées téléphone', 3),
(3046, 'T5 - Pièces détachées véhicules', 3),
(3047, 'T5 - Pierres brutes pour construction', 3),
(3048, 'T5 - Piles électriques', 3),
(3049, 'T5 - Plaque caoutchouc synthétique pour chaussures', 3),
(3050, 'T5 - Pneumatique', 3),
(3051, 'T5 - Polymère', 3),
(3052, 'T5 - Pompes électriques', 3),
(3053, 'T5 - Produits auxiliaires pour peinture', 3),
(3054, 'T5 - Produits chimiques', 3),
(3055, 'T5 - Produits de beauté', 3),
(3056, 'T5 - Produits dietiques', 3),
(3057, 'T5 - Produits industriels', 3),
(3058, 'T5 - Produits manufactures divers', 3),
(3059, 'T5 - Produits manufactures divers dangereux', 3),
(3060, 'T5 - Produits Pétroliers', 3),
(3061, 'T5 - Produits pharmaceutiques dangereux', 3),
(3062, 'T5 - Quincaillerie', 3),
(3063, 'T5 - Rayonnages', 3),
(3064, 'T5 - Reproduction plastic roll', 3),
(3065, 'T5 - Résine', 3),
(3066, 'T5 - Résine synthétique', 3),
(3067, 'T5 - Résines synthétique dangereux', 3),
(3068, 'T5 - Résines synthétique dangereux', 3),
(3069, 'T5 - Revêtements de sol', 3),
(3070, 'T5 - Rouleaux de papier Kraft', 3),
(3071, 'T5 - Sardines en conserve', 3),
(3072, 'T5 - Satellite dishantenna', 3),
(3073, 'T5 - Savons', 3),
(3074, 'T5 - Semence', 3),
(3075, 'T5 - Serpillères', 3),
(3076, 'T5 - Serrures', 3),
(3077, 'T5 - Serviettes de table', 3),
(3078, 'T5 - Serviettes de toilettes', 3),
(3079, 'T5 - Sulfate de soude', 3),
(3080, 'T5 - Tabacs', 3),
(3081, 'T5 - Talc industriel', 3),
(3082, 'T5 - Tapisserie', 3),
(3083, 'T5 - Textiles', 3),
(3084, 'T5 - Tissu écru', 3),
(3085, 'T5 - Tissu écru 100% coton carde', 3),
(3086, 'T5 - Tissus', 3),
(3087, 'T5 - Tissus enduits', 3),
(3088, 'T5 - Titanium oxydés', 3),
(3089, 'T5 - Tôles aciers à l''export', 3),
(3090, 'T5 - Tôles aciers + ferrons', 3),
(3091, 'T5 - Tourets de câbles aciers machine outils', 3),
(3092, 'T5 - Tourteaux', 3),
(3093, 'T5 - tracteurs', 3),
(3094, 'T5 - Tubes en matières plastiques', 3),
(3095, 'T5 - Ustensiles de cuisine', 3),
(3096, 'T5 - Vaisselle', 3),
(3097, 'T5 - Vaisselle en argent', 3),
(3098, 'T5 - Valises', 3),
(3099, 'T5 - Vaseline', 3),
(3100, 'T5 - Vaseline Merkur', 3),
(3101, 'T5 - Véhicules', 3),
(3102, 'T5 - Véhicules d''occasion', 3),
(3103, 'T5 - Véhicules neufs', 3),
(3104, 'T5 - Ventilateurs électriques', 3),
(3105, 'T5 - Verrerie', 3),
(3106, 'T5 - Verres vitres', 3),
(3107, 'T5 - Vins', 3),
(3108, 'T5 - Yellow popcorn', 3),
(3109, 'T5 - Autres dérives de cacao', 3),
(3110, 'T5 - Autres dérives de Café', 3),
(3111, 'T5 - Autres fruits et légumes', 3),
(3112, 'T5 - Beurre de cacao', 3),
(3113, 'T5 - Cacao en fèves', 3),
(3114, 'T5 - Cacao en poudre', 3),
(3115, 'T5 - Café en grains', 3),
(3116, 'T5 - Conserve de thon', 3),
(3117, 'T5 - Coton égrené', 3),
(3118, 'T5 - Déchets de coton', 3),
(3119, 'T5 - Graines de coton', 3),
(3120, 'T5 - Longe de thon', 3),
(3121, 'T5 - Masse de cacao', 3),
(3122, 'T5 - Mousse de cacao', 3),
(3123, 'T5 - Noix de coco', 3),
(3124, 'T5 - Œufs de thons', 3),
(3125, 'T5 - Pate de cacao', 3),
(3126, 'T5 - Thon congelé', 3),
(3127, 'T5 - Tourteaux de cacao', 3),
(3128, 'T5 - Tourteaux de coton', 3),
(3129, 'T5 - Ananas frais', 3),
(3130, 'T5 - Autres huiles', 3),
(3131, 'T5 - Autres Mat végétales', 3),
(3132, 'T5 - Autres Oléagineux', 3),
(3133, 'T5 - Autres ouvrages en bois', 3),
(3134, 'T5 - Banane fraiche', 3),
(3135, 'T5 - Beurre de karité', 3),
(3136, 'T5 - Café soluble', 3),
(3137, 'T5 - Caoutchouc', 3),
(3138, 'T5 - Coco Râpé', 3),
(3139, 'T5 - Coprah', 3),
(3140, 'T5 - Farine', 3),
(3141, 'T5 - Huile', 3),
(3142, 'T5 - Huile de coprah brute', 3),
(3143, 'T5 - Ignames frais', 3),
(3144, 'T5 - Noix de cajou ', 3),
(3145, 'T5 - Palmistes', 3),
(3146, 'T5 - Sésame', 3),
(3147, 'T5 - Sucre', 3),
(3148, 'T5 - Semences', 3),
(3149, 'T5 - Semoule', 3),
(3150, 'T5 - Textiles', 3),
(3151, 'T5 - Tourteaux de Coprah', 3),
(3152, 'T5 - Thé', 3),
(3153, 'T5 - Acier', 3),
(3154, 'T5 - Aliments pour animaux', 3),
(3155, 'T5 - Aliments pour poisson', 3),
(3156, 'T5 - Allumettes dangereux', 3),
(3157, 'T5 - Aluminium', 3),
(3158, 'T5 - Amidon alimentaire', 3),
(3159, 'T5 - Appareils électro-ménagers', 3),
(3160, 'T5 - Articles d''ameublement', 3),
(3161, 'T5 - Articles de librairie', 3),
(3162, 'T5 - Articles de mode', 3),
(3163, 'T5 - Articles de papeterie divers', 3),
(3164, 'T5 - Articles de pêche', 3),
(3165, 'T5 - Articles de publicité', 3),
(3166, 'T5 - Autres Aciers', 3),
(3167, 'T5 - Autres cycles et motocycles', 3),
(3168, 'T5 - Autres emballages', 3),
(3169, 'T5 - Autres engrais', 3),
(3170, 'T5 - Autres fil de cuivre', 3),
(3171, 'T5 - Autres fruits de mer', 3),
(3172, 'T5 - Autres gaz', 3),
(3173, 'T5 - Autres matières brutes végétales', 3),
(3174, 'T5 - Autres produits alimentaires de base', 3),
(3175, 'T5 - Autres produits laitiers, œufs', 3),
(3176, 'T5 - Bitume étanche en rouleaux', 3),
(3177, 'T5 - Bobines de tôles', 3),
(3178, 'T5 - Bois de chauffage', 3),
(3179, 'T5 - Bois débités', 3),
(3180, 'T5 - Bois en grumes', 3),
(3181, 'T5 - Boissons non alcoolisées', 3),
(3182, 'T5 - Bouteilles de gaz vides', 3),
(3183, 'T5 - Bouteilles vides', 3),
(3184, 'T5 - Câbles électriques', 3),
(3185, 'T5 - Cantines métalliques vides', 3),
(3186, 'T5 - Capsules de bouteilles', 3),
(3187, 'T5 - Cassettes', 3),
(3188, 'T5 - Charbon de bois', 3),
(3189, 'T5 - Chariots', 3),
(3190, 'T5 - Charpentes', 3),
(3191, 'T5 - Chaussures', 3),
(3192, 'T5 - Chewing gum + bonbons', 3),
(3193, 'T5 - Cigarette', 3),
(3194, 'T5 - Ciment', 3),
(3195, 'T5 - Conteneurs vides', 3),
(3196, 'T5 - Citernes métalliques', 3),
(3197, 'T5 - Colis diplomatiques', 3),
(3198, 'T5 - Colles', 3),
(3199, 'T5 - Colorant Encre Laque color (DGX)', 3),
(3200, 'T5 - Colorants', 3),
(3201, 'T5 - Compresseurs ', 3),
(3202, 'T5 - Cosmétiques', 3),
(3203, 'T5 - Cuir brut ', 3),
(3204, 'T5 - Déchets pour fabrication emballage ', 3),
(3205, 'T5 - Déchets de caoutchouc ', 3),
(3206, 'T5 - Dentifrices ', 3),
(3207, 'T5 - Diluants peinture ', 3),
(3208, 'T5 - Eaux minérales ', 3),
(3209, 'T5 - Effets personnels', 3),
(3210, 'T5 - Engins travaux publics', 3),
(3211, 'T5 - Fer a béton', 3),
(3212, 'T5 - Fer blanc en fardeaux', 3),
(3213, 'T5 - Ferraille ', 3),
(3214, 'T5 - Feuillards rouleaux ', 3),
(3215, 'T5 - Feuilles contreplaque', 3),
(3216, 'T5 - Fibre synthétique ', 3),
(3217, 'T5 - Fil acier en rouleaux ', 3),
(3218, 'T5 - Filets de pêche ', 3),
(3219, 'T5 - Fils machine ', 3),
(3220, 'T5 - Fleurs artificielles ', 3),
(3221, 'T5 - Friperie ', 3),
(3222, 'T5 - Gomme arabique', 3),
(3223, 'T5 - Graines de roucoux', 3),
(3224, 'T5 - Habillement ', 3),
(3225, 'T5 - Instruments de musique', 3),
(3226, 'T5 - Instruments médicaux', 3),
(3227, 'T5 - Iso tank CO2 Vrac DGX', 3),
(3228, 'T5 - Iso tank vides DGX', 3),
(3229, 'T5 - Jus de fruits ', 3),
(3230, 'T5 - Lait en poudre', 3),
(3231, 'T5 - Lubrifiants en futs', 3),
(3232, 'T5 - Machines Électromécaniques ', 3),
(3233, 'T5 - Machines Electroniques ', 3),
(3234, 'T5 - Machines Outils ', 3),
(3235, 'T5 - Maniguettes', 3),
(3236, 'T5 - Matériaux de construction', 3),
(3237, 'T5 - Matériel de forage ', 3),
(3238, 'T5 - Matériel électrique', 3),
(3239, 'T5 - Matériels d''empotage ', 3),
(3240, 'T5 - Matériels plastiques', 3),
(3241, 'T5 - Matériels plastiques synthétiques', 3),
(3242, 'T5 - Médicaments', 3),
(3243, 'T5 - Menuiserie en acier ou fer ', 3),
(3244, 'T5 - Menuiserie en bois', 3),
(3245, 'T5 - Métaux non ferreux ', 3),
(3246, 'T5 - Métaux précieux', 3),
(3247, 'T5 - Meubles ', 3),
(3248, 'T5 - Minerais', 3),
(3249, 'T5 - Moteurs électriques ', 3),
(3250, 'T5 - Motocycles', 3),
(3251, 'T5 - Mouchoirs ', 3),
(3252, 'T5 - Ouate de cellulose', 3),
(3253, 'T5 - Outillage à main', 3),
(3254, 'T5 - Panneaux stratifiés ', 3),
(3255, 'T5 - Papiers d''emballage', 3),
(3256, 'T5 - Parquets et assemblages', 3),
(3257, 'T5 - Peaux brutes', 3),
(3258, 'T5 - Peintures', 3),
(3259, 'T5 - Pièces détachées', 3),
(3260, 'T5 - Placages et contre-plaques', 3),
(3261, 'T5 - Plantes diverses', 3),
(3262, 'T5 - Plaque caoutchouc synthétique', 3),
(3263, 'T5 - Pneumatiques ', 3),
(3264, 'T5 - Poissons congelés', 3),
(3265, 'T5 - Préparation alimentaire Produits de sidérurgie', 3),
(3266, 'T5 - Produits chimiques ', 3),
(3267, 'T5 - Produits de beauté', 3),
(3268, 'T5 - Produits laitiers', 3),
(3269, 'T5 - Produits pharmaceutiques', 3),
(3270, 'T5 - Quincaillerie ', 3),
(3271, 'T5 - Résine ', 3),
(3272, 'T5 - Savons', 3),
(3273, 'T5 - Savons médicaux', 3),
(3274, 'T5 - Serpillères', 3),
(3275, 'T5 - Statues Tanks vides', 3),
(3276, 'T5 - Textiles et tissus', 3),
(3277, 'T5 - Tôles', 3),
(3278, 'T5 - Tourets de câble aciers', 3),
(3279, 'T5 - Tracteurs', 3),
(3280, 'T5 - Tubes PVC', 3),
(3281, 'T5 - Tuiles ', 3),
(3282, 'T5 - Tuyaux plastique', 3),
(3283, 'T5 - Ustensiles de cuisine', 3),
(3284, 'T5 - Véhicules d''occasion', 3),
(3285, 'T5 - Vernis', 3),
(3286, 'T5 - Autres produits non recenses', 3),
(3287, 'T5 - Tuyaux en fonte ', 3),
(3288, 'T5 - Nattes', 3),
(3289, 'T5 - Tubes en matières plastiques', 3),
(3290, 'CT - Tank Vide', 10),
(3291, 'HC - Marchandise Importer', 11),
(3292, 'Marchandise Convention Douane', 12),
(3293, 'E3 - Riz', 9),
(3294, 'E2 - Autres Céréales', 8),
(3295, 'E2 - Sel', 8),
(3296, 'E2 - Noix de Colas', 8),
(3297, 'I3 - Allumettes dangereux', 5),
(3298, 'I4 - Boissons non Alcolisées', 6),
(3299, 'E3 - Autres boissons alcoolisées', 9),
(3300, 'E3 - Boissons non alcoolisées', 9),
(3301, 'I4 - Arcticles de Ménage', 6),
(3302, 'I4 - Matériel d''empotage', 6),
(3303, 'I4 - Produits Chimiques Dangereux', 6),
(3304, 'T5 - Produits Chimiques dangereux', 3),
(3305, 'I3 - Carbonate de potassium', 5),
(3306, 'I3 - Herbicides', 5),
(3307, 'I4 - Matériel informatique', 6),
(3308, 'I4 - Polypropylène', 6),
(3309, 'E2 - Insecticides Agricoles', 8),
(3310, 'I2 - Herbicides Agricoles Dangereux', 4),
(3311, 'I4 - Herbicides Agricoles Non DGX', 4),
(3312, 'I4 - Eals', 6);

-- ============================================================================
-- TABLE: documenttype
-- ============================================================================
DELETE FROM `documenttype`;

INSERT INTO `documenttype` (`Id`, `Name`) VALUES
(1, 'BAD SHIPPING'),
(2, 'Déclaration Douane'),
(3, 'COREOR'),
(4, 'N° BOOKING'),
(5, 'Mode de livraison');

-- ============================================================================
-- TABLE: taxcodes
-- ============================================================================
DELETE FROM `taxcodes`;

INSERT INTO `taxcodes` (`Id`, `Code`, `Name`) VALUES
(1, 'TVA0', 'TVA 0 '),
(2, 'TVA18', 'TAXE TVA'),
(3, 'TVA  EXO', 'TVA EXONORE');

-- ============================================================================
-- TABLE: contract
-- ============================================================================
DELETE FROM `contract`;

INSERT INTO `contract` (`Id`, `InvoiceLabel`, `Code`, `TaxCodeId`, `ContractCategoryType`) VALUES
(695, 'Imp Local - Stationnement 20'' PAA', 'CSTAIMPPAA01_Terra', 2, 3),
(672, 'Double relevage Tank vide 20''', 'CDRLV01EXPTKVID', 1, 3),
(671, 'Double relevage Tank vide 40''', 'CDRLV02EXPTKVID', 1, 3),
(670, 'Double relevage Tank vide 40''', 'CDRLV02IMPTKVID', 2, 3),
(669, 'Double relevage Tank vide 20''', 'CDRLV01IMPTKVID', 2, 3),
(635, 'Forfait Transfert Parc Extérieur ', 'CFORTRPARCEXT1', 2, 3),
(597, 'Exp - Stationnement Tank Vide DGX 40''', 'CSTAEXPATLTAVIDGX2', 1, 3),
(596, 'Exp - Stationnement Tank Vide DGX 20''', 'CSTAEXPATLTAVIDGX1', 1, 3),
(595, 'Escorte / Sortie PAA', 'CEXPESCSORDGXEMPPAA', 1, 3),
(594, 'Escorte / Entrée PAA', 'CEXPESCENTDGXEMPPAA', 1, 3);

-- ============================================================================
-- TABLE: raterageperiod
-- ============================================================================
DELETE FROM `raterageperiod`;

INSERT INTO `raterageperiod` (`Id`, `RatePeriodId`, `StartValue`, `EndValue`, `Rate`) VALUES
(1, 11, 1, 350, 0),
(11, 11, 351, 360, 500000),
(115, 11, 361, 365, 500000),
(115, 11, 366, 99999, 528111);

SET FOREIGN_KEY_CHECKS=1;
